Rider;1st;2nd;3rd;GC;POINTS;KOM;YOUTH
ARMSTRONG Lance ;0;0;0;7;0;0;0
ANQUETIL Jacques ;0;0;0;5;0;0;0
MERCKX Eddy ;0;0;0;5;3;2;0
HINAULT Bernard ;0;0;0;5;1;1;0
INDURÁIN Miguel ;0;0;0;5;0;0;0
FROOME Chris ;0;0;0;4;0;1;0
BOBET Louison ;0;0;0;3;0;1;0
LEMOND Greg ;0;0;0;3;0;0;1
CONTADOR Alberto ;0;0;0;3;0;0;1
POGAČAR Tadej ;0;0;0;3;0;2;4
FRANTZ Nicolas;20;18;12;2;0;0;0
THYS Philippe;12;12;13;2;0;0;0
BOTTECCHIA Ottavio;9;9;4;2;0;0;0
PETIT-BRETON Lucien;7;17;9;2;0;0;0
LEDUCQ André ;0;0;0;2;0;0;0
MAGNE Antonin ;0;0;0;2;0;0;0
MAES Sylvère ;0;0;0;2;0;1;0
BARTALI Gino ;0;0;0;2;0;2;0
COPPI Fausto ;0;0;0;2;0;2;0
THÉVENET Bernard ;0;0;0;2;0;0;0
FIGNON Laurent ;0;0;0;2;0;0;1
VINGEGAARD Jonas ;0;0;0;2;0;1;0
FABER François;19;10;11;1;0;0;0
TROUSSELIER Louis;13;4;8;1;0;0;0
GARRIGOU Gustave;8;13;21;1;0;0;0
LAMBOT Firmin;6;4;8;1;0;0;0
LAPIZE Octave;6;2;6;1;0;0;0
POTTIER René;5;4;2;1;0;0;0
BUYSSE Lucien;5;3;4;1;0;0;0
DEWAELE Maurice;5;2;6;1;0;0;0
GARIN Maurice;4;1;0;1;0;0;0
DEFRAEYE Odiel;3;6;4;1;0;0;0
SCIEUR Léon;3;2;10;1;0;0;0
GARIN Maurice ;0;0;0;1;0;0;0
LAMBOT Firmin ;0;0;0;1;0;0;0
THYS Philippe ;0;0;0;1;0;0;0
PÉLISSIER Henri ;0;0;0;1;0;0;0
SPEICHER Georges ;0;0;0;1;0;0;0
MAES Romain ;0;0;0;1;0;0;0
LAPÉBIE Roger ;0;0;0;1;0;0;0
ROBIC Jean ;0;0;0;1;0;0;0
KÜBLER Ferdinand ;0;0;0;1;1;0;0
KOBLET Hugo ;0;0;0;1;0;0;0
BAHAMONTES Federico ;0;0;0;1;0;6;0
GAUL Charly ;0;0;0;1;0;2;0
WALKOWIAK Roger ;0;0;0;1;0;0;0
NENCINI Gastone ;0;0;0;1;0;1;0
JANSSEN Jan ;0;0;0;1;3;0;0
GIMONDI Felice ;0;0;0;1;0;0;0
AIMAR Lucien ;0;0;0;1;0;0;0
PINGEON Roger ;0;0;0;1;0;0;0
VAN IMPE Lucien ;0;0;0;1;0;6;0
OCAÑA Luis ;0;0;0;1;0;0;0
ZOETEMELK Joop ;0;0;0;1;0;0;0
ROCHE Stephen ;0;0;0;1;0;0;0
DELGADO Pedro ;0;0;0;1;0;0;0
PANTANI Marco ;0;0;0;1;0;0;2
RIIS Bjarne ;0;0;0;1;0;0;0
ULLRICH Jan ;0;0;0;1;0;0;3
LANDIS Floyd ;0;0;0;1;0;0;0
SASTRE Carlos ;0;0;0;1;0;0;0
EVANS Cadel ;0;0;0;1;0;0;0
WIGGINS Bradley ;0;0;0;1;0;0;0
NIBALI Vincenzo ;0;0;0;1;0;0;0
THOMAS Geraint ;0;0;0;1;0;0;0
BERNAL Egan ;0;0;0;1;0;0;1
CAVENDISH Mark;35;4;5;0;0;0;0
MERCKX Eddy;34;18;11;0;0;0;0
HINAULT Bernard;28;12;6;0;0;0;0
LEDUCQ André;24;14;19;0;0;0;0
DARRIGADE André;22;12;5;0;0;0;0
ARMSTRONG Lance;22;11;6;0;0;0;0
ALAVOINE Jean;17;10;8;0;0;0;0
POGAČAR Tadej;17;7;7;0;0;0;0
ANQUETIL Jacques;16;9;4;0;0;0;0
LE GREVÈS René;16;6;6;0;0;0;0
PÉLISSIER Charles;15;16;10;0;0;0;0
MAERTENS Freddy;15;9;7;0;0;0;0
KITTEL Marcel;14;2;2;0;0;0;0
ZABEL Erik;12;22;19;0;0;0;0
SAGAN Peter;12;22;13;0;0;0;0
INDURÁIN Miguel;12;13;8;0;0;0;0
MCEWEN Robbie;12;10;6;0;0;0;0
BARTALI Gino;12;6;6;0;0;0;0
AERTS Jean;12;6;3;0;0;0;0
CIPOLLINI Mario;12;2;4;0;0;0;0
ZOETEMELK Joop;11;13;9;0;0;0;0
BOBET Louison;11;9;5;0;0;0;0
GREIPEL André;11;8;6;0;0;0;0
DI PACO Raffaele;11;3;6;0;0;0;0
MAGNE Antonin;10;12;10;0;0;0;0
KNETEMANN Gerrie;10;12;8;0;0;0;0
GODEFROOT Walter;10;11;9;0;0;0;0
HUSHOVD Thor;10;8;6;0;0;0;0
PÉLISSIER Henri;10;8;2;0;0;0;0
GAUL Charly;10;5;2;0;0;0;0
ARCHAMBAUD Maurice;10;4;5;0;0;0;0
RAAS Jan;10;3;5;0;0;0;0
LAPÉBIE Roger;9;11;2;0;0;0;0
VAN AERT Wout;9;10;6;0;0;0;0
ABDUZHAPAROV Djamolidine;9;9;7;0;0;0;0
PHILIPSEN Jasper;9;9;4;0;0;0;0
THÉVENET Bernard;9;8;5;0;0;0;0
MAES Sylvère;9;6;3;0;0;0;0
MEULENBERG Eloi;9;6;1;0;0;0;0
VAN POPPEL Jean-Paul;9;6;1;0;0;0;0
FIGNON Laurent;9;5;4;0;0;0;0
COPPI Fausto;9;3;2;0;0;0;0
STEELS Tom;9;3;0;0;0;0;0
OCAÑA Luis;9;2;5;0;0;0;0
AUCOUTURIER Hippolyte;9;0;1;0;0;0;0
VAN IMPE Lucien;8;10;15;0;0;0;0
GEORGET Émile;8;9;4;0;0;0;0
KÜBLER Ferdinand;8;9;4;0;0;0;0
ALTIG Rudi;8;8;6;0;0;0;0
SPEICHER Georges;8;8;4;0;0;0;0
PANTANI Marco;8;5;5;0;0;0;0
HOBAN Barry;8;4;7;0;0;0;0
MOTTIAT Louis;8;3;5;0;0;0;0
GUERRA Learco;8;2;4;0;0;0;0
VIETTO René;8;2;1;0;0;0;0
HASSENFORDER Roger;8;1;0;0;0;0;0
JANSSEN Jan;7;15;15;0;0;0;0
ULLRICH Jan;7;13;6;0;0;0;0
POULIDOR Raymond;7;11;15;0;0;0;0
PASSERIEU Georges;7;11;4;0;0;0;0
FROOME Chris;7;8;9;0;0;0;0
GIMONDI Felice;7;8;4;0;0;0;0
VAN LOOY Rik;7;7;4;0;0;0;0
VIRENQUE Richard;7;5;9;0;0;0;0
BAHAMONTES Federico;7;5;5;0;0;0;0
CANCELLARA Fabian;7;5;4;0;0;0;0
GUIMARD Cyrille;7;4;7;0;0;0;0
MAGNI Fiorenzo;7;4;2;0;0;0;0
GÉMINIANI Raphaël;7;2;3;0;0;0;0
SELS Ward;7;2;3;0;0;0;0
GOETHALS Félix;7;2;2;0;0;0;0
DANGUILLAUME Jean-Pierre;7;1;4;0;0;0;0
DEFILIPPIS Nino;7;1;1;0;0;0;0
KARSTENS Gerben;6;12;9;0;0;0;0
VERVAECKE Félicien;6;9;7;0;0;0;0
ROBIC Jean;6;6;5;0;0;0;0
SERCU Patrick;6;5;6;0;0;0;0
GROENEWEGEN Dylan;6;5;3;0;0;0;0
BELLENGER Romain;6;4;7;0;0;0;0
PETACCHI Alessandro;6;4;5;0;0;0;0
BASSO Marino;6;4;4;0;0;0;0
BOONEN Tom;6;4;2;0;0;0;0
VINOKOUROV Alexandre;6;3;7;0;0;0;0
BUYSSE Marcel;6;3;2;0;0;0;0
ALAPHILIPPE Julian;6;3;1;0;0;0;0
VAN GENEUGDEN Martin;6;3;0;0;0;0;0
KINT Marcel;6;2;4;0;0;0;0
THURAU Dietrich;6;2;3;0;0;0;0
DE BRUYNE Alfred;6;2;2;0;0;0;0
NIJDAM Jelle;6;2;0;0;0;0;0
NIBALI Vincenzo;6;1;5;0;0;0;0
REYBROUCK Guido;6;1;3;0;0;0;0
MARIE Thierry;6;1;2;0;0;0;0
KELLY Sean;5;21;17;0;0;0;0
ESCLASSAN Jacques;5;12;5;0;0;0;0
LEMOND Greg;5;9;7;0;0;0;0
VANDERAERDEN Eric;5;8;6;0;0;0;0
ROSSIUS Jean;5;8;4;0;0;0;0
GRACZYK Jean;5;7;6;0;0;0;0
BARTHÉLÉMY Honoré;5;6;2;0;0;0;0
STABLINSKI Jean;5;5;2;0;0;0;0
AGOSTINHO Joaquim;5;4;9;0;0;0;0
BONTEMPI Guido;5;4;1;0;0;0;0
MARTIN Tony;5;4;0;0;0;0;0
VAN SPRINGEL Herman;5;3;6;0;0;0;0
DORTIGNACQ Jean-Baptiste;5;3;5;0;0;0;0
EWAN Caleb;5;3;4;0;0;0;0
DUBOC Paul;5;3;2;0;0;0;0
JIMÉNEZ Julio;5;3;2;0;0;0;0
KOBLET Hugo;5;2;2;0;0;0;0
BAFFI Pierino;5;2;2;0;0;0;0
MARTIN Hector;5;1;2;0;0;0;0
HOSTE Frank;5;1;1;0;0;0;0
LEMAN Eric;5;0;1;0;0;0;0
TEIRLINCK Willy;5;0;1;0;0;0;0
RIVIÈRE Roger;5;0;0;0;0;0;0
VINGEGAARD Jonas;4;10;4;0;0;0;0
KRISTOFF Alexander;4;9;8;0;0;0;0
VAN LINDEN Rik;4;9;3;0;0;0;0
DELGADO Pedro;4;8;10;0;0;0;0
BAUVIN Gilbert;4;7;6;0;0;0;0
NENCINI Gastone;4;5;7;0;0;0;0
FREIRE Óscar;4;5;6;0;0;0;0
MATTHEWS Michael;4;5;2;0;0;0;0
MAES Romain;4;5;1;0;0;0;0
JALABERT Laurent;4;4;6;0;0;0;0
BENOÎT Adelin;4;4;5;0;0;0;0
FORESTIER Jean;4;4;4;0;0;0;0
KIRSIPUU Jaan;4;4;4;0;0;0;0
RIIS Bjarne;4;4;3;0;0;0;0
VAN SLEMBROUCK Gustave;4;4;1;0;0;0;0
WAGTMANS Wout;4;4;1;0;0;0;0
BUGNO Gianni;4;3;7;0;0;0;0
BREUKINK Erik;4;3;2;0;0;0;0
KONYSHEV Dmitry;4;3;1;0;0;0;0
PINGEON Roger;4;2;6;0;0;0;0
REBRY Gaston;4;2;5;0;0;0;0
BLIJLEVENS Jeroen;4;2;5;0;0;0;0
CRUPELANDT Charles;4;2;3;0;0;0;0
WILLEMS Daniel;4;2;3;0;0;0;0
TEISSEIRE Lucien;4;2;2;0;0;0;0
PRIVAT René;4;2;1;0;0;0;0
BITOSSI Franco;4;2;1;0;0;0;0
VOECKLER Thomas;4;2;1;0;0;0;0
CAZALA Robert;4;2;0;0;0;0;0
BARDET Romain;4;1;6;0;0;0;0
MILLAR David;4;1;2;0;0;0;0
SÁNCHEZ Luis León;4;1;2;0;0;0;0
JACQUINOT Robert;4;1;1;0;0;0;0
VAN STEENBERGEN Rik;4;1;1;0;0;0;0
DAEMS Emile;4;1;1;0;0;0;0
CHOZAS Eduardo;4;1;1;0;0;0;0
RASMUSSEN Michael;4;1;1;0;0;0;0
PAUWELS Eddy;4;0;1;0;0;0;0
DEKKER Erik;4;0;1;0;0;0;0
FÉDRIGO Pierrick;4;0;1;0;0;0;0
ROSSEEL André;4;0;0;0;0;0;0
MATTHIJS Rudy;4;0;0;0;0;0;0
OCKERS Stan;3;16;18;0;0;0;0
SELLIER Félix;3;9;9;0;0;0;0
BOASSON HAGEN Edvald;3;7;9;0;0;0;0
BONDUEL Frans;3;7;8;0;0;0;0
CONTADOR Alberto;3;7;4;0;0;0;0
LUCOTTI Luigi Natale;3;7;1;0;0;0;0
HERRERA Luis Alberto;3;7;0;0;0;0;0
ROCHE Stephen;3;6;6;0;0;0;0
WRIGHT Michael;3;6;3;0;0;0;0
PINOT Thibaut;3;6;1;0;0;0;0
LUDWIG Olaf;3;5;7;0;0;0;0
PEETERS Ludo;3;5;5;0;0;0;0
FRÉCHAUT Jean;3;5;4;0;0;0;0
ROMINGER Tony;3;5;4;0;0;0;0
VERHAEGEN Pé;3;5;1;0;0;0;0
QUINTANA Nairo;3;5;1;0;0;0;0
DUMOULIN Tom;3;5;0;0;0;0;0
VALVERDE Alejandro;3;4;8;0;0;0;0
CHRISTOPHE Eugène;3;4;6;0;0;0;0
POLLENTIER Michel;3;4;6;0;0;0;0
DEMUYSERE Joseph;3;3;7;0;0;0;0
SVORADA Ján;3;3;5;0;0;0;0
ROGLIČ Primož;3;3;4;0;0;0;0
THOMAS Geraint;3;3;2;0;0;0;0
IMPANIS Raymond;3;3;1;0;0;0;0
KUIPER Hennie;3;3;1;0;0;0;0
MINALI Nicola;3;3;0;0;0;0;0
VAN EST Wim;3;2;4;0;0;0;0
MOTTET Charly;3;2;4;0;0;0;0
MAJKA Rafał;3;2;4;0;0;0;0
BULLA Max;3;2;3;0;0;0;0
LAUREDI Nello;3;2;3;0;0;0;0
BRUNI Dino;3;2;3;0;0;0;0
CHIAPPUCCI Claudio;3;2;3;0;0;0;0
RODRÍGUEZ Joaquim;3;2;3;0;0;0;0
CAMUSSO Francesco;3;2;2;0;0;0;0
BERNARD Jean-François;3;2;2;0;0;0;0
MOINEAU Julien;3;2;1;0;0;0;0
LUBBERDING Henk;3;2;1;0;0;0;0
GIRMAY Biniam;3;2;1;0;0;0;0
VILLEMIANE Pierre-Raymond;3;2;0;0;0;0;0
MILLAR Robert;3;2;0;0;0;0;0
BOTERO Santiago;3;2;0;0;0;0;0
DOSSCHE Aimé;3;1;4;0;0;0;0
DIEDERICH Bim;3;1;4;0;0;0;0
WAGTMANS Rini;3;1;4;0;0;0;0
SCHLECK Andy;3;1;4;0;0;0;0
VAN DAM Joseph;3;1;2;0;0;0;0
GRAF Rolf;3;1;2;0;0;0;0
POBLET Miguel;3;1;2;0;0;0;0
LÓPEZ Vicente;3;1;2;0;0;0;0
VAN DER VELDE Johan;3;1;2;0;0;0;0
CORRIERI Giovanni;3;1;1;0;0;0;0
OOSTERBOSCH Bert;3;1;1;0;0;0;0
CLÈRE Régis;3;1;1;0;0;0;0
MANZANEQUE Fernando;3;1;0;0;0;0;0
GENET Jean-Pierre;3;1;0;0;0;0;0
VERSCHUERE Pol;3;1;0;0;0;0;0
BOARDMAN Chris;3;1;0;0;0;0;0
COSTA Rui;3;1;0;0;0;0;0
SPRUYT Jos;3;0;3;0;0;0;0
CHAVANEL Sylvain;3;0;3;0;0;0;0
WINNEN Peter;3;0;2;0;0;0;0
TRENTIN Matteo;3;0;2;0;0;0;0
DE ROO Jo;3;0;1;0;0;0;0
DURAND Jacky;3;0;1;0;0;0;0
MOHORIČ Matej;3;0;1;0;0;0;0
DUSSAULT Marcel;3;0;0;0;0;0;0
IGNOLIN Guy;3;0;0;0;0;0;0
VAN VLIERBERGHE Albert;3;0;0;0;0;0;0
DA SILVA Acácio;3;0;0;0;0;0;0
CASAR Sandy;2;7;4;0;0;0;0
ZÜLLE Alex;2;7;1;0;0;0;0
O'GRADY Stuart;2;6;9;0;0;0;0
PADOVAN Arrigo;2;6;4;0;0;0;0
MUSEEUW Johan;2;5;7;0;0;0;0
VOORTING Gerrit;2;5;3;0;0;0;0
MARTIN Dan;2;5;1;0;0;0;0
PÉLISSIER Francis;2;5;0;0;0;0;0
VAN DE CASTEELE Camille;2;4;3;0;0;0;0
MONCASSIN Frédéric;2;4;3;0;0;0;0
CAPUT Louis;2;4;2;0;0;0;0
BINDA Alfredo;2;4;1;0;0;0;0
ALCALÁ Raúl;2;4;1;0;0;0;0
YATES Simon;2;4;1;0;0;0;0
MARTÍNEZ Mariano;2;3;4;0;0;0;0
AIMO Bartolomeo;2;3;3;0;0;0;0
VERVAECKE Julien;2;3;3;0;0;0;0
NOLTEN Jan;2;3;3;0;0;0;0
VAN AVERMAET Greg;2;3;3;0;0;0;0
VISSERS Edward;2;3;2;0;0;0;0
ROLLAND Antonin;2;3;2;0;0;0;0
MEUNIER Georges;2;3;2;0;0;0;0
BATTISTINI Graziano;2;3;2;0;0;0;0
GHIROTTO Massimo;2;3;2;0;0;0;0
VAN SCHENDEL Antoon;2;3;1;0;0;0;0
SERVADEI Glauco;2;3;1;0;0;0;0
RUIZ Bernardo;2;3;1;0;0;0;0
ARROYO Angel;2;3;1;0;0;0;0
HEUSGHEM Louis;2;3;0;0;0;0;0
LONCKE Gérard;2;3;0;0;0;0;0
SASTRE Carlos;2;3;0;0;0;0;0
IZAGIRRE Ion;2;3;0;0;0;0;0
PLANCKAERT Eddy;2;2;8;0;0;0;0
VAN AERDE Michel;2;2;6;0;0;0;0
ANDERSON Phil;2;2;5;0;0;0;0
DÉMARE Arnaud;2;2;5;0;0;0;0
SANTAMBROGIO Giacinto;2;2;4;0;0;0;0
DEMEYER Marc;2;2;4;0;0;0;0
PAUL Ernest;2;2;3;0;0;0;0
BIDOT Marcel;2;2;3;0;0;0;0
MORELLI Ambrogio Enrico;2;2;3;0;0;0;0
SCHÄR Fritz;2;2;2;0;0;0;0
CARLESI Guido;2;2;2;0;0;0;0
PLANCKAERT Willy;2;2;2;0;0;0;0
DE WILDE Etienne;2;2;2;0;0;0;0
ROOKS Steven;2;2;2;0;0;0;0
VOIGT Jens;2;2;2;0;0;0;0
PEDERSEN Mads;2;2;2;0;0;0;0
GODIVIER Marcel;2;2;1;0;0;0;0
JAMINET Pierre;2;2;1;0;0;0;0
RÉMY Raoul;2;2;1;0;0;0;0
SCIARDIS Gino;2;2;1;0;0;0;0
FANTINI Alessandro;2;2;1;0;0;0;0
DE WITTE Ronald;2;2;1;0;0;0;0
MOSER Francesco;2;2;1;0;0;0;0
MCGEE Bradley;2;2;1;0;0;0;0
NAZON Jean-Patrick;2;2;1;0;0;0;0
GAVIRIA Fernando;2;2;1;0;0;0;0
BENNETT Sam;2;2;1;0;0;0;0
LOUYET Léon;2;2;0;0;0;0;0
BRANKART Jean;2;2;0;0;0;0;0
BRACKE Ferdinand;2;2;0;0;0;0;0
RICHARD Pascal;2;2;0;0;0;0;0
ETXEBARRIA David;2;2;0;0;0;0;0
ROLLAND Pierre;2;2;0;0;0;0;0
HEUSGHEM Hector;2;1;12;0;0;0;0
GROSSKOST Charly;2;1;5;0;0;0;0
KWIATKOWSKI Michał;2;1;4;0;0;0;0
AMBERG Leo;2;1;3;0;0;0;0
DELEDDA Adolphe;2;1;3;0;0;0;0
GOLDSCHMIT Jean;2;1;3;0;0;0;0
WOLFSHOHL Rolf;2;1;3;0;0;0;0
NIJDAM Henk;2;1;3;0;0;0;0
VAN RYCKEGHEM Daniel;2;1;3;0;0;0;0
THALER Klaus-Peter;2;1;3;0;0;0;0
WELLENS Paul;2;1;3;0;0;0;0
BENNATI Daniele;2;1;3;0;0;0;0
WIGGINS Bradley;2;1;3;0;0;0;0
MOLLEMA Bauke;2;1;3;0;0;0;0
CAMELLINI Fermo;2;1;2;0;0;0;0
LAPÉBIE Guy;2;1;2;0;0;0;0
LAMBRECHT Roger;2;1;2;0;0;0;0
JANSSENS Marcel;2;1;2;0;0;0;0
VANNITSEN Willy;2;1;2;0;0;0;0
LEBLANC Luc;2;1;2;0;0;0;0
SCHLECK Fränk;2;1;2;0;0;0;0
DE GENDT Thomas;2;1;2;0;0;0;0
MASSELIS Jules;2;1;1;0;0;0;0
MASSON Émile;2;1;1;0;0;0;0
FONTAN Victor;2;1;1;0;0;0;0
CHOCQUE Paul;2;1;1;0;0;0;0
PASSAT Raymond;2;1;1;0;0;0;0
FUENTE José Manuel;2;1;1;0;0;0;0
VAN DER POEL Adrie;2;1;1;0;0;0;0
BRUYNEEL Johan;2;1;1;0;0;0;0
GUERINI Giuseppe;2;1;1;0;0;0;0
BARGUIL Warren;2;1;1;0;0;0;0
PAULMIER Georges;2;1;0;0;0;0;0
CLOAREC Pierre;2;1;0;0;0;0;0
BAUTZ Erich;2;1;0;0;0;0;0
GALATEAU Fabien;2;1;0;0;0;0;0
FOURNIER Amédée;2;1;0;0;0;0;0
ROSSELLO Vincenzo;2;1;0;0;0;0;0
LAZARIDÈS Lucien;2;1;0;0;0;0;0
VIVIER Jacques;2;1;0;0;0;0;0
BAILETTI Antonio;2;1;0;0;0;0;0
SMIT Theo;2;1;0;0;0;0;0
WIJNANDS Ad;2;1;0;0;0;0;0
GÖLZ Rolf;2;1;0;0;0;0;0
CLAVEYROLAT Thierry;2;1;0;0;0;0;0
UGRUMOV Piotr;2;1;0;0;0;0;0
VASSEUR Cédric;2;1;0;0;0;0;0
COMMESSO Salvatore;2;1;0;0;0;0;0
MONCOUTIÉ David;2;1;0;0;0;0;0
SCHUMACHER Stefan;2;1;0;0;0;0;0
RIBLON Christophe;2;1;0;0;0;0;0
LOUVIOT Raymond;2;0;5;0;0;0;0
BEECKMAN Théophile;2;0;3;0;0;0;0
HUYSMANS Jos;2;0;3;0;0;0;0
MAYE Paul;2;0;2;0;0;0;0
FORLINI Dominique;2;0;2;0;0;0;0
BERGAUD Louis;2;0;2;0;0;0;0
BEUFFEUIL Pierre;2;0;2;0;0;0;0
GUALAZZINI Ercole;2;0;2;0;0;0;0
SEZNEC Christian;2;0;2;0;0;0;0
PARRA Fabio Enrique;2;0;2;0;0;0;0
BOOGERD Michael;2;0;2;0;0;0;0
POZZATO Filippo;2;0;2;0;0;0;0
EGG Oscar;2;0;1;0;0;0;0
DE CORTE Raymond;2;0;1;0;0;0;0
TAVERNE Omer;2;0;1;0;0;0;0
MIDDELKAMP Theo;2;0;1;0;0;0;0
MAJERUS Jean;2;0;1;0;0;0;0
TASSIN Eloi;2;0;1;0;0;0;0
BIAGIONI Serafino;2;0;1;0;0;0;0
ROBINSON Brian;2;0;1;0;0;0;0
LASA Miguel María;2;0;1;0;0;0;0
VICHOT Frédéric;2;0;1;0;0;0;0
SOLLEVELD Gerrit;2;0;1;0;0;0;0
PHINNEY Davis;2;0;1;0;0;0;0
SØRENSEN Rolf;2;0;1;0;0;0;0
BALDATO Fabio;2;0;1;0;0;0;0
VAN BON Léon;2;0;1;0;0;0;0
HONCHAR Serhiy;2;0;1;0;0;0;0
GERRANS Simon;2;0;1;0;0;0;0
STEEGMANS Gert;2;0;1;0;0;0;0
CORT Magnus;2;0;1;0;0;0;0
KRAGH ANDERSEN Søren;2;0;1;0;0;0;0
BORGARELLO Vincenzo;2;0;0;0;0;0;0
HAEMERLINCK Alfred;2;0;0;0;0;0;0
NEUENS François;2;0;0;0;0;0;0
PASOTTI Alfredo;2;0;0;0;0;0;0
DE BREUKER Roger;2;0;0;0;0;0;0
VAN DE KERCKHOVE Bernard;2;0;0;0;0;0;0
DELISLE Raymond;2;0;0;0;0;0;0
PRIEM Cees;2;0;0;0;0;0;0
BREU Beat;2;0;0;0;0;0;0
TEBALDI Valerio;2;0;0;0;0;0;0
ARGENTIN Moreno;2;0;0;0;0;0;0
IVANOV Sergei;2;0;0;0;0;0;0
MERCADO Juan Miguel;2;0;0;0;0;0;0
RICCÒ Riccardo;2;0;0;0;0;0;0
CUMMINGS Steve;2;0;0;0;0;0;0
TEUNS Dylan;2;0;0;0;0;0;0
VANDENBERGHE Georges;1;8;7;0;0;0;0
DEGENKOLB John;1;7;2;0;0;0;0
MARTANO Giuseppe;1;6;5;0;0;0;0
EVANS Cadel;1;6;5;0;0;0;0
GROUSSARD Joseph;1;5;3;0;0;0;0
SKIBBY Jesper;1;5;2;0;0;0;0
SCHOTTE Briek;1;5;1;0;0;0;0
STÖPEL Kurt;1;4;8;0;0;0;0
FARRAR Tyler;1;4;4;0;0;0;0
BRUYÈRE Joseph;1;4;3;0;0;0;0
DOTTO Jean;1;4;2;0;0;0;0
SÁNCHEZ Samuel;1;4;1;0;0;0;0
MAITRON Julien;1;4;0;0;0;0;0
ALBAN Robert;1;4;0;0;0;0;0
FAVERO Vito;1;3;4;0;0;0;0
DE VLAEMINCK Roger;1;3;4;0;0;0;0
JACOBS Jos;1;3;4;0;0;0;0
BENEDETTI Rino;1;3;3;0;0;0;0
GAINCHE Jean;1;3;3;0;0;0;0
ANGLADE Henry;1;3;3;0;0;0;0
ANDERSEN Kim;1;3;3;0;0;0;0
CORNEZ Fernand;1;3;2;0;0;0;0
GAUTHIER Bernard;1;3;2;0;0;0;0
VIANEN Gerard;1;3;2;0;0;0;0
HERMANS Mathieu;1;3;2;0;0;0;0
COOKE Baden;1;3;2;0;0;0;0
DEJONGHE Albert;1;3;1;0;0;0;0
QUENTIN Maurice;1;3;1;0;0;0;0
THOMIN Joseph;1;3;1;0;0;0;0
BALDINI Ercole;1;3;1;0;0;0;0
GILBERT Philippe;1;3;1;0;0;0;0
PESENTI Antonio;1;3;0;0;0;0;0
GOASMAT Jean-Marie;1;3;0;0;0;0;0
COLOTTI Jean-Claude;1;3;0;0;0;0;0
NELISSEN Wilfried;1;3;0;0;0;0;0
ASGREEN Kasper;1;3;0;0;0;0;0
MOLINÉRIS Pierre;1;2;6;0;0;0;0
VAN HAUWAERT Cyrille;1;2;4;0;0;0;0
DANNEELS Gustaaf;1;2;4;0;0;0;0
MAGNE Pierre;1;2;3;0;0;0;0
RONSSE Georges;1;2;3;0;0;0;0
MERSCH Arsène;1;2;3;0;0;0;0
DE GROOT Daan;1;2;3;0;0;0;0
CARAPAZ Richard;1;2;3;0;0;0;0
CADOLLE Marcel;1;2;2;0;0;0;0
ALANCOURT Arsène;1;2;2;0;0;0;0
BEHEYT Benoni;1;2;2;0;0;0;0
GALERA Joaquín;1;2;2;0;0;0;0
PANIZZA Wladimiro;1;2;2;0;0;0;0
VAN VLIET Leo;1;2;2;0;0;0;0
LAVAINNE Christophe;1;2;2;0;0;0;0
GELDHOF Maurice;1;2;1;0;0;0;0
FAURE Benoît;1;2;1;0;0;0;0
WECKERLING Otto;1;2;1;0;0;0;0
BLOMME Maurice;1;2;1;0;0;0;0
MASSIGNAN Imerio;1;2;1;0;0;0;0
MINIERI Mario;1;2;1;0;0;0;0
AIMAR Lucien;1;2;1;0;0;0;0
RIOTTE Raymond;1;2;1;0;0;0;0
BATTAGLIN Giovanni;1;2;1;0;0;0;0
LAURENT Michel;1;2;1;0;0;0;0
DUFAUX Laurent;1;2;1;0;0;0;0
HAMILTON Tyler;1;2;1;0;0;0;0
GARCÍA ACOSTA José Vicente;1;2;1;0;0;0;0
PIIL Jakob Storm;1;2;1;0;0;0;0
MAYO Iban;1;2;1;0;0;0;0
BASSO Ivan;1;2;1;0;0;0;0
PEREIRO Óscar;1;2;1;0;0;0;0
PANTANO Jarlinson;1;2;1;0;0;0;0
URÁN Rigoberto;1;2;1;0;0;0;0
LAPORTE Christophe;1;2;1;0;0;0;0
VIVIANI Elia;1;2;1;0;0;0;0
DELOOR Gustaaf;1;2;0;0;0;0;0
CALLENS Norbert;1;2;0;0;0;0;0
BRANDS Frans;1;2;0;0;0;0;0
STEVENS Julien;1;2;0;0;0;0;0
GONZÁLEZ José Antonio;1;2;0;0;0;0;0
DELÉPINE Régis;1;2;0;0;0;0;0
GAUTHIER Jean-Louis;1;2;0;0;0;0;0
FREULER Urs;1;2;0;0;0;0;0
WÜST Marcel;1;2;0;0;0;0;0
LEIPHEIMER Levi;1;2;0;0;0;0;0
NEUVILLE François;1;1;6;0;0;0;0
PLANCKAERT Joseph;1;1;4;0;0;0;0
LEJARRETA Marino;1;1;4;0;0;0;0
MOREAU Christophe;1;1;4;0;0;0;0
EVENEPOEL Remco;1;1;4;0;0;0;0
BROCCO Maurice;1;1;3;0;0;0;0
CLEMENS Mathias;1;1;3;0;0;0;0
GALLIEN Pierre;1;1;3;0;0;0;0
ELLIOTT Seamus;1;1;3;0;0;0;0
LEMÉTEYER Paul;1;1;3;0;0;0;0
DE WOLF Fons;1;1;3;0;0;0;0
EKIMOV Viatcheslav;1;1;3;0;0;0;0
OLANO Abraham;1;1;3;0;0;0;0
MENGIN Christophe;1;1;3;0;0;0;0
POTHIER Lucien;1;1;2;0;0;0;0
ENGEL Émile;1;1;2;0;0;0;0
LEVEL Léon;1;1;2;0;0;0;0
EZQUERRA Federico;1;1;2;0;0;0;0
RONCONI Aldo;1;1;2;0;0;0;0
MULLER Édouard;1;1;2;0;0;0;0
MAHÉ François;1;1;2;0;0;0;0
KREKELS Jan;1;1;2;0;0;0;0
POISSON Pascal;1;1;2;0;0;0;0
GLAUS Gilbert;1;1;2;0;0;0;0
HINCAPIE George;1;1;2;0;0;0;0
HUNTER Robert;1;1;2;0;0;0;0
LANDIS Floyd;1;1;2;0;0;0;0
MÉNAGER Constant;1;1;1;0;0;0;0
MULLER Joseph;1;1;1;0;0;0;0
GAY Federico;1;1;1;0;0;0;0
BRUNERO Giovanni;1;1;1;0;0;0;0
LE DROGO Ferdinand;1;1;1;0;0;0;0
DELANNOY Louis;1;1;1;0;0;0;0
MAUCLAIR Joseph;1;1;1;0;0;0;0
MERVIEL Jules;1;1;1;0;0;0;0
DUCAZEAUX Sauveur;1;1;1;0;0;0;0
BERRENDERO Julián;1;1;1;0;0;0;0
PUPPO Henri;1;1;1;0;0;0;0
ROSSI Giulio;1;1;1;0;0;0;0
PAGÈS Edmond;1;1;1;0;0;0;0
FACHLEITNER Édouard;1;1;1;0;0;0;0
SABBADINI Settimo;1;1;1;0;0;0;0
SORGELOOS Edgard;1;1;1;0;0;0;0
QUEHEILLE Marcel;1;1;1;0;0;0;0
PÉREZ FRANCÉS José;1;1;1;0;0;0;0
MELCKENBEECK Frans;1;1;1;0;0;0;0
DERBOVEN Willy;1;1;1;0;0;0;0
SCHUTZ Edy;1;1;1;0;0;0;0
DANCELLI Michele;1;1;1;0;0;0;0
HÉZARD Yves;1;1;1;0;0;0;0
DELCROIX Ludo;1;1;1;0;0;0;0
BITTINGER René;1;1;1;0;0;0;0
PEVENAGE Rudy;1;1;1;0;0;0;0
JULES Pascal;1;1;1;0;0;0;0
BAUER Steve;1;1;1;0;0;0;0
THEUNISSE Gert-Jan;1;1;1;0;0;0;0
SCIANDRI Maximilian;1;1;1;0;0;0;0
ZANINI Stefano;1;1;1;0;0;0;0
DIERCKXSENS Ludo;1;1;1;0;0;0;0
KNAVEN Servais;1;1;1;0;0;0;0
DESSEL Cyril;1;1;1;0;0;0;0
BILBAO Pello;1;1;1;0;0;0;0
HIRSCHI Marc;1;1;1;0;0;0;0
GALL Felix;1;1;1;0;0;0;0
AZZINI Ernesto;1;1;0;0;0;0;0
HUYSE Omer;1;1;0;0;0;0;0
BUYSSE Jules;1;1;0;0;0;0;0
CARDONA Salvador;1;1;0;0;0;0;0
LE DROGO Paul;1;1;0;0;0;0;0
GESTRI Eugenio;1;1;0;0;0;0;0
WIERINCKX Robert;1;1;0;0;0;0;0
IDÉE Émile;1;1;0;0;0;0;0
BAFFERT Émile;1;1;0;0;0;0;0
ROSSI Giovanni;1;1;0;0;0;0;0
MASTROTTO Raymond;1;1;0;0;0;0;0
NOVAK Anatole;1;1;0;0;0;0;0
VANDEN BERGHEN Willy;1;1;0;0;0;0;0
ZILVERBERG Huub;1;1;0;0;0;0;0
VAN NESTE Willy;1;1;0;0;0;0;0
ZILIOLI Italo;1;1;0;0;0;0;0
DE VLAEMINCK Eric;1;1;0;0;0;0;0
CHAPPE Georges;1;1;0;0;0;0;0
DUYNDAM Leo;1;1;0;0;0;0;0
DEN HERTOG Fedor;1;1;0;0;0;0;0
MARTENS René;1;1;0;0;0;0;0
DEMIERRE Serge;1;1;0;0;0;0;0
MENTHÉOUR Pierre-Henri;1;1;0;0;0;0;0
BARTEAU Vincent;1;1;0;0;0;0;0
LAMMERTS Johan;1;1;0;0;0;0;0
PELIER Joël;1;1;0;0;0;0;0
MÄCHLER Erich;1;1;0;0;0;0;0
CUBINO Laudelino;1;1;0;0;0;0;0
LAURITZEN Dag-Otto;1;1;0;0;0;0;0
NEVENS Jan;1;1;0;0;0;0;0
FIDANZA Giovanni;1;1;0;0;0;0;0
MAASSEN Frans;1;1;0;0;0;0;0
STEPHENS Neil;1;1;0;0;0;0;0
PODENZANA Massimo;1;1;0;0;0;0;0
MASSI Rodolfo;1;1;0;0;0;0;0
BÄCKSTEDT Magnus;1;1;0;0;0;0;0
BETTINI Paolo;1;1;0;0;0;0;0
SAVOLDELLI Paolo;1;1;0;0;0;0;0
GONZÁLEZ Aitor;1;1;0;0;0;0;0
LAISEKA Roberto;1;1;0;0;0;0;0
FLECHA Juan Antonio;1;1;0;0;0;0;0
ARVESEN Kurt-Asle;1;1;0;0;0;0;0
ROGERS Michael;1;1;0;0;0;0;0
MENCHOV Denis;1;1;0;0;0;0;0
HAUSSLER Heinrich;1;1;0;0;0;0;0
VANENDERT Jelle;1;1;0;0;0;0;0
IMPEY Daryl;1;1;0;0;0;0;0
KÄMNA Lennard;1;1;0;0;0;0;0
KONRAD Patrick;1;1;0;0;0;0;0
PIDCOCK Thomas;1;1;0;0;0;0;0
BRAECKEVELDT Adolphe;1;0;5;0;0;0;0
CAÑARDO Mariano;1;0;4;0;0;0;0
ESCARTÍN Fernando;1;0;4;0;0;0;0
BERGAMASCHI Vasco;1;0;3;0;0;0;0
DIOT Maurice;1;0;3;0;0;0;0
TACCA Pierre;1;0;3;0;0;0;0
GUERRA Pietro;1;0;3;0;0;0;0
JÄRMANN Rolf;1;0;3;0;0;0;0
GALLOPIN Tony;1;0;3;0;0;0;0
VAN RYSSELBERGHE Bernard;1;0;2;0;0;0;0
MEINI Ettore;1;0;2;0;0;0;0
LITSCHI Karl;1;0;2;0;0;0;0
FAANHOF Henk;1;0;2;0;0;0;0
MALLÉJAC Jean;1;0;2;0;0;0;0
LOROÑO Jesús;1;0;2;0;0;0;0
BINGGELI René;1;0;2;0;0;0;0
PINTENS Georges;1;0;2;0;0;0;0
GOROSPE Julián;1;0;2;0;0;0;0
CASTAING Francis;1;0;2;0;0;0;0
DOMÍNGUEZ Manuel Jorge;1;0;2;0;0;0;0
GAYANT Martial;1;0;2;0;0;0;0
HAMPSTEN Andrew;1;0;2;0;0;0;0
BERZIN Evgeni;1;0;2;0;0;0;0
CASPER Jimmy;1;0;2;0;0;0;0
BAKELANTS Jan;1;0;2;0;0;0;0
NAVARDAUSKAS Ramūnas;1;0;2;0;0;0;0
VUILLERMOZ Alexis;1;0;2;0;0;0;0
ARU Fabio;1;0;2;0;0;0;0
YATES Adam;1;0;2;0;0;0;0
WOODS Michael;1;0;2;0;0;0;0
O'CONNOR Ben;1;0;2;0;0;0;0
HUOT Marcel;1;0;1;0;0;0;0
BATTESINI Fabio;1;0;1;0;0;0;0
GODINAT André;1;0;1;0;0;0;0
EGLI Paul;1;0;1;0;0;0;0
ANTOINE Alphonse;1;0;1;0;0;0;0
PEDROLI René;1;0;1;0;0;0;0
GIANELLO Dante;1;0;1;0;0;0;0
BOURLON Albert;1;0;1;0;0;0;0
TARCHINI Pietro;1;0;1;0;0;0;0
PEZZI Luciano;1;0;1;0;0;0;0
KETELEER Désiré;1;0;1;0;0;0;0
KEMP Willy;1;0;1;0;0;0;0
DECAUX Georges;1;0;1;0;0;0;0
BOBER Stanislas;1;0;1;0;0;0;0
QUENNEHEN Bernard;1;0;1;0;0;0;0
DEJOUHANNET Michel;1;0;1;0;0;0;0
DURANTE Adriano;1;0;1;0;0;0;0
FEZZARDI Giuseppe;1;0;1;0;0;0;0
GONZÁLEZ Aurelio;1;0;1;0;0;0;0
DAVID Wilfried;1;0;1;0;0;0;0
FREY Mogens;1;0;1;0;0;0;0
PLANCKAERT Walter;1;0;1;0;0;0;0
VALLET Bernard;1;0;1;0;0;0;0
LE BIGAUT Pierre;1;0;1;0;0;0;0
SIMON Pascal;1;0;1;0;0;0;0
PIRARD Frits;1;0;1;0;0;0;0
MADIOT Marc;1;0;1;0;0;0;0
SERGEANT Marc;1;0;1;0;0;0;0
EARLEY Martin;1;0;1;0;0;0;0
RIBEIRO Mauro;1;0;1;0;0;0;0
CENGHIALTA Bruno;1;0;1;0;0;0;0
LINO Pascal;1;0;1;0;0;0;0
JASKUŁA Zenon;1;0;1;0;0;0;0
CABELLO Francisco;1;0;1;0;0;0;0
HAMBURGER Bo;1;0;1;0;0;0;0
USHAKOV Serhiy;1;0;1;0;0;0;0
TRAVERSONI Mario;1;0;1;0;0;0;0
NARDELLO Daniele;1;0;1;0;0;0;0
VERBRUGGHE Rik;1;0;1;0;0;0;0
HALGAND Patrice;1;0;1;0;0;0;0
TOTSCHNIG Georg;1;0;1;0;0;0;0
ZABRISKIE David;1;0;1;0;0;0;0
SOLER Juan Mauricio;1;0;1;0;0;0;0
DUMOULIN Samuel;1;0;1;0;0;0;0
FEILLU Brice;1;0;1;0;0;0;0
ASTARLOZA Mikel;1;0;1;0;0;0;0
GARATE Juan Manuel;1;0;1;0;0;0;0
PLAZA Rubén;1;0;1;0;0;0;0
BODNAR Maciej;1;0;1;0;0;0;0
LAMPAERT Yves;1;0;1;0;0;0;0
LUTSENKO Alexey;1;0;1;0;0;0;0
POELS Wout;1;0;1;0;0;0;0
HOULE Hugo;1;0;1;0;0;0;0
LAESER Charles;1;0;0;0;0;0;0
MICHELETTO Giovanni;1;0;0;0;0;0;0
VAN LERBERGHE Henri;1;0;0;0;0;0;0
PÉGLION Louis;1;0;0;0;0;0;0
ORECCHIA Michele;1;0;0;0;0;0;0
SCHEPERS Alfons;1;0;0;0;0;0;0
VIGNOLI Adriano;1;0;0;0;0;0;0
GENERATI Walter;1;0;0;0;0;0;0
OBERBECK Willi;1;0;0;0;0;0;0
SCHULTE Gerrit;1;0;0;0;0;0;0
MASSON JR Émile;1;0;0;0;0;0;0
STORME Lucien;1;0;0;0;0;0;0
MASSAL Henri;1;0;0;0;0;0;0
PRAS Jacques;1;0;0;0;0;0;0
VAN DIJCK Edward;1;0;0;0;0;0;0
LEONI Adolfo;1;0;0;0;0;0;0
MOLINÈS Marcel;1;0;0;0;0;0;0
DOS REIS Custodio;1;0;0;0;0;0;0
LÉVÊQUE Roger;1;0;0;0;0;0;0
BAEYENS Armand;1;0;0;0;0;0;0
DERYCKE Germain;1;0;0;0;0;0;0
DIGGELMANN Walter;1;0;0;0;0;0;0
DEKKERS Hans;1;0;0;0;0;0;0
ISOTTI Livio;1;0;0;0;0;0;0
VARNAJO Robert;1;0;0;0;0;0;0
HINSEN Jos;1;0;0;0;0;0;0
MORVAN Joseph;1;0;0;0;0;0;0
SCHMITZ Jean-Pierre;1;0;0;0;0;0;0
BOVER Miguel;1;0;0;0;0;0;0
TROCHUT André;1;0;0;0;0;0;0
BOURLÈS Jean;1;0;0;0;0;0;0
LE DISSEZ André;1;0;0;0;0;0;0
SCHEPENS Julien;1;0;0;0;0;0;0
GIMMI Kurt;1;0;0;0;0;0;0
PROOST Louis;1;0;0;0;0;0;0
CERAMI Pino;1;0;0;0;0;0;0
VAN ESPEN Cees;1;0;0;0;0;0;0
DE PRA Tommaso;1;0;0;0;0;0;0
MUGNAINI Marcello;1;0;0;0;0;0;0
OTAÑO Luis;1;0;0;0;0;0;0
ERRANDONEA José María;1;0;0;0;0;0;0
SAMYN José;1;0;0;0;0;0;0
DESVAGES André;1;0;0;0;0;0;0
DUMONT Jean;1;0;0;0;0;0;0
BELLONE Gilbert;1;0;0;0;0;0;0
IZIER Maurice;1;0;0;0;0;0;0
DÍAZ Mariano;1;0;0;0;0;0;0
MATIGNON Pierre;1;0;0;0;0;0;0
VASSEUR Alain;1;0;0;0;0;0;0
MORI Primo;1;0;0;0;0;0;0
RAYMOND Christian;1;0;0;0;0;0;0
SIMONETTI Mauro;1;0;0;0;0;0;0
ARMANI Luciano;1;0;0;0;0;0;0
LABOURDETTE Bernard;1;0;0;0;0;0;0
CATIEAU José;1;0;0;0;0;0;0
VERSTRAETEN Eddy;1;0;0;0;0;0;0
TORRES Pedro;1;0;0;0;0;0;0
TOLLET Claude;1;0;0;0;0;0;0
POPPE Henk;1;0;0;0;0;0;0
MOLINÉRIS Jean-Luc;1;0;0;0;0;0;0
CAMPANER Francis;1;0;0;0;0;0;0
ROTTIERS Karel;1;0;0;0;0;0;0
PARECCHINI Aldo;1;0;0;0;0;0;0
VIEJO José Luis;1;0;0;0;0;0;0
MATHIS Hubert;1;0;0;0;0;0;0
NAZABAL José;1;0;0;0;0;0;0
QUILFEN Bernard;1;0;0;0;0;0;0
MESLET Alain;1;0;0;0;0;0;0
MAAS Jo;1;0;0;0;0;0;0
PARSANI Serge;1;0;0;0;0;0;0
MARTIN Raymond;1;0;0;0;0;0;0
DE SCHOENMAECKER Jos;1;0;0;0;0;0;0
LOOS Ludo;1;0;0;0;0;0;0
MUTTER Stefan;1;0;0;0;0;0;0
VAN HOUWELINGEN Adri;1;0;0;0;0;0;0
GAIGNE Dominique;1;0;0;0;0;0;0
MAGRINI Riccardo;1;0;0;0;0;0;0
CHEVALLIER Philippe;1;0;0;0;0;0;0
MICHAUD Jacques;1;0;0;0;0;0;0
LELEU Philippe;1;0;0;0;0;0;0
VAN DEN HAUTE Ferdi;1;0;0;0;0;0;0
FERREIRA Paulo José dos Santos;1;0;0;0;0;0;0
MANDERS Henri;1;0;0;0;0;0;0
WYNANTS Ludwig;1;0;0;0;0;0;0
DUCROT Maarten;1;0;0;0;0;0;0
PEDERSEN Jørgen Vagn;1;0;0;0;0;0;0
SIMON Régis;1;0;0;0;0;0;0
RUÍZ CABESTANY Pello;1;0;0;0;0;0;0
SARRAPIO José Angel;1;0;0;0;0;0;0
DHAENENS Rudy;1;0;0;0;0;0;0
RÜTTIMANN Niki;1;0;0;0;0;0;0
VERHOEVEN Nico;1;0;0;0;0;0;0
FRISON Herman;1;0;0;0;0;0;0
ECHAVE Federico;1;0;0;0;0;0;0
PIERCE Jeff;1;0;0;0;0;0;0
YATES Sean;1;0;0;0;0;0;0
SIMON Jérôme;1;0;0;0;0;0;0
WELTZ Johnny;1;0;0;0;0;0;0
MARTÍNEZ Juan;1;0;0;0;0;0;0
LIETTI Marco;1;0;0;0;0;0;0
ARNOULD Dominique;1;0;0;0;0;0;0
MURGUIALDAY Javier;1;0;0;0;0;0;0
HARMELING Rob;1;0;0;0;0;0;0
DELION Gilles;1;0;0;0;0;0;0
CHIOCCIOLI Franco;1;0;0;0;0;0;0
DE CLERCQ Peter;1;0;0;0;0;0;0
ROSCIOLI Fabio;1;0;0;0;0;0;0
RINCÓN Oliverio;1;0;0;0;0;0;0
BORTOLAMI Gianluca;1;0;0;0;0;0;0
POLI Eros;1;0;0;0;0;0;0
CONTI Roberto;1;0;0;0;0;0;0
RODRÍGUEZ Nélson;1;0;0;0;0;0;0
SEIGNEUR Eddy;1;0;0;0;0;0;0
SAUGRAIN Cyril;1;0;0;0;0;0;0
GONZÁLEZ José Jaime;1;0;0;0;0;0;0
VOSKAMP Bart;1;0;0;0;0;0;0
BROCHARD Laurent;1;0;0;0;0;0;0
DESBIENS Laurent;1;0;0;0;0;0;0
ROUS Didier;1;0;0;0;0;0;0
HEPPNER Jens;1;0;0;0;0;0;0
MONDINI Gianpaolo;1;0;0;0;0;0;0
AGNOLUTTO Christophe;1;0;0;0;0;0;0
OTXOA Javier;1;0;0;0;0;0;0
WAUTERS Marc;1;0;0;0;0;0;0
CÁRDENAS Félix Rafael;1;0;0;0;0;0;0
BAGUET Serge;1;0;0;0;0;0;0
BERTOGLIATI Rubens;1;0;0;0;0;0;0
KROON Karsten;1;0;0;0;0;0;0
FRIGO Dario;1;0;0;0;0;0;0
SIMONI Gilberto;1;0;0;0;0;0;0
LASTRAS Pablo;1;0;0;0;0;0;0
BERNUCCI Lorenzo;1;0;0;0;0;0;0
WEENING Pieter;1;0;0;0;0;0;0
SERRANO Marcos Antonio;1;0;0;0;0;0;0
KESSLER Matthias;1;0;0;0;0;0;0
CALZATI Sylvain;1;0;0;0;0;0;0
POPOVYCH Yaroslav;1;0;0;0;0;0;0
TOSATTO Matteo;1;0;0;0;0;0;0
GERDEMANN Linus;1;0;0;0;0;0;0
PIEPOLI Leonardo;1;0;0;0;0;0;0
BURGHARDT Marcus;1;0;0;0;0;0;0
SØRENSEN Nicki;1;0;0;0;0;0;0
PAULINHO Sérgio Miguel;1;0;0;0;0;0;0
BOOM Lars;1;0;0;0;0;0;0
KADRI Blel;1;0;0;0;0;0;0
DENNIS Rohan;1;0;0;0;0;0;0
ŠTYBAR Zdeněk;1;0;0;0;0;0;0
GESCHKE Simon;1;0;0;0;0;0;0
ZAKARIN Ilnur;1;0;0;0;0;0;0
CALMEJANE Lilian;1;0;0;0;0;0;0
FRAILE Omar;1;0;0;0;0;0;0
TEUNISSEN Mike;1;0;0;0;0;0;0
BERNAL Egan;1;0;0;0;0;0;0
PETERS Nans;1;0;0;0;0;0;0
MARTÍNEZ Daniel Felipe;1;0;0;0;0;0;0
LÓPEZ Miguel Ángel;1;0;0;0;0;0;0
VAN DER POEL Mathieu;1;0;0;0;0;0;0
MERLIER Tim;1;0;0;0;0;0;0
POLITT Nils;1;0;0;0;0;0;0
KUSS Sepp;1;0;0;0;0;0;0
JAKOBSEN Fabio;1;0;0;0;0;0;0
CLARKE Simon;1;0;0;0;0;0;0
JUNGELS Bob;1;0;0;0;0;0;0
LAFAY Victor;1;0;0;0;0;0;0
HINDLEY Jai;1;0;0;0;0;0;0
RODRÍGUEZ Carlos;1;0;0;0;0;0;0
MEEUS Jordi;1;0;0;0;0;0;0
VAUQUELIN Kévin;1;0;0;0;0;0;0
TURGIS Anthony;1;0;0;0;0;0;0
CAMPENAERTS Victor;1;0;0;0;0;0;0
KLÖDEN Andreas;0;6;4;0;0;0;0
TIBERGHIEN Hector;0;6;1;0;0;0;0
MERTENS Jan;0;4;6;0;0;0;0
PICOT Fernand;0;4;2;0;0;0;0
LENAERS Victor;0;4;1;0;0;0;0
MARCAILLOU Sylvain;0;4;1;0;0;0;0
MARINELLI Jacques;0;4;1;0;0;0;0
SWERTS Roger;0;4;1;0;0;0;0
LEALI Bruno;0;4;1;0;0;0;0
KIRCHEN Kim;0;4;1;0;0;0;0
DESMET Gilbert;0;3;7;0;0;0;0
WENGLER Heinz;0;3;4;0;0;0;0
PAOLINI Enrico;0;3;4;0;0;0;0
BERNAUDEAU Jean-René;0;3;4;0;0;0;0
HOEVENAERS Jos;0;3;3;0;0;0;0
CIOLEK Gerald;0;3;3;0;0;0;0
GOSS Matthew;0;3;3;0;0;0;0
DECAUP Maurice;0;3;2;0;0;0;0
BINI Aldo;0;3;2;0;0;0;0
SAINT Gérard;0;3;2;0;0;0;0
SIMPSON Tom;0;3;2;0;0;0;0
KNUDSEN Knut;0;3;2;0;0;0;0
SCHELLENBERG Max;0;3;1;0;0;0;0
FOUCHER André;0;3;1;0;0;0;0
GRAIN Michel;0;3;1;0;0;0;0
COLBRELLI Sonny;0;3;1;0;0;0;0
THIÉTARD Louis;0;3;0;0;0;0;0
CLEMENS Pierre;0;3;0;0;0;0;0
HENDRICKX Marcel;0;3;0;0;0;0;0
DECOCK Roger;0;3;0;0;0;0;0
FUERTE Anselmo;0;3;0;0;0;0;0
SIMON François;0;3;0;0;0;0;0
FUGLSANG Jakob;0;3;0;0;0;0;0
CUVELIER Georges;0;2;5;0;0;0;0
GAVAZZI Pierino;0;2;5;0;0;0;0
VERBEECK Frans;0;2;4;0;0;0;0
HENDRICKX Albert;0;2;3;0;0;0;0
TACKAERT William;0;2;3;0;0;0;0
COQUARD Bryan;0;2;3;0;0;0;0
CORNET Henri;0;2;2;0;0;0;0
VAN DEN BERGHE René;0;2;2;0;0;0;0
VICINI Mario;0;2;2;0;0;0;0
ADRIAENSENS Jan;0;2;2;0;0;0;0
MOTTA Gianni;0;2;2;0;0;0;0
MANZANEQUE Jesús;0;2;2;0;0;0;0
MINTKIEWICZ Robert;0;2;2;0;0;0;0
LIECKENS Jozef;0;2;2;0;0;0;0
VAINŠTEINS Romāns;0;2;2;0;0;0;0
PORTE Richie;0;2;2;0;0;0;0
BAUHAUS Phil;0;2;2;0;0;0;0
GARIN César;0;2;1;0;0;0;0
VAN DAELE Joseph;0;2;1;0;0;0;0
BERNARD René;0;2;1;0;0;0;0
COGAN Pierre;0;2;1;0;0;0;0
LAUWERS Stan;0;2;1;0;0;0;0
MARIE Yvan;0;2;1;0;0;0;0
BRAMBILLA Pierre;0;2;1;0;0;0;0
VAN BREENEN Hein;0;2;1;0;0;0;0
GAY Georges;0;2;1;0;0;0;0
FORÉ Noël;0;2;1;0;0;0;0
MALIEPAARD Bas;0;2;1;0;0;0;0
BOUCQUET Walter;0;2;1;0;0;0;0
GANDARIAS Andrés;0;2;1;0;0;0;0
VAN DEN BOSSCHE Martin;0;2;1;0;0;0;0
VAN ROOSBROECK Gustaaf;0;2;1;0;0;0;0
DUCLOS-LASSALLE Gilbert;0;2;1;0;0;0;0
PERINI Giancarlo;0;2;1;0;0;0;0
MAGNIEN Emmanuel;0;2;1;0;0;0;0
BUENAHORA Hernan;0;2;1;0;0;0;0
BALLAN Alessandro;0;2;1;0;0;0;0
RENSHAW Mark;0;2;1;0;0;0;0
DEAN Julian;0;2;1;0;0;0;0
VILLE Maurice;0;2;0;0;0;0;0
BIDOT Jean;0;2;0;0;0;0;0
LE CALVEZ Léon;0;2;0;0;0;0;0
RINALDI Gaspard;0;2;0;0;0;0;0
DE CALUWÉ Edgard;0;2;0;0;0;0;0
LE GUÉVEL Lucien;0;2;0;0;0;0;0
MOLLIN Maurice;0;2;0;0;0;0;0
JOMAUX Léon;0;2;0;0;0;0;0
KLABIŃSKI Edward;0;2;0;0;0;0;0
BALDASSARI Jean;0;2;0;0;0;0;0
LUTE Cees;0;2;0;0;0;0;0
IN 'T VEN Willy;0;2;0;0;0;0;0
GÓMEZ Antonio;0;2;0;0;0;0;0
WILDE Herbert;0;2;0;0;0;0;0
OTTENBROS Harm;0;2;0;0;0;0;0
FRANCIONI Wilmo;0;2;0;0;0;0;0
MENÉNDEZ Antonio;0;2;0;0;0;0;0
LEVAVASSEUR Christian;0;2;0;0;0;0;0
BAZZO Pierre;0;2;0;0;0;0;0
NILSSON Sven-Åke;0;2;0;0;0;0;0
STUMPF Remig;0;2;0;0;0;0;0
VONA Franco;0;2;0;0;0;0;0
ANDREU Frankie;0;2;0;0;0;0;0
SERPELLINI Marco;0;2;0;0;0;0;0
RODRIGUES Orlando Sergio;0;2;0;0;0;0;0
VANDENBROUCKE Frank;0;2;0;0;0;0;0
JAN Xavier;0;2;0;0;0;0;0
JALABERT Nicolas;0;2;0;0;0;0;0
GONZÁLEZ DE GALDEANO Igor;0;2;0;0;0;0;0
AERTS Mario;0;2;0;0;0;0;0
KÜNG Stefan;0;2;0;0;0;0;0
LATOUR Pierre;0;2;0;0;0;0;0
CICCONE Giulio;0;2;0;0;0;0;0
MEZGEC Luka;0;2;0;0;0;0;0
BERTIN Yvon;0;1;6;0;0;0;0
BELOKI Joseba;0;1;5;0;0;0;0
ELLI Alberto;0;1;4;0;0;0;0
JULICH Bobby;0;1;4;0;0;0;0
FEILLU Romain;0;1;4;0;0;0;0
WEILENMANN Gottfried;0;1;3;0;0;0;0
VAN GENECHTEN Richard;0;1;3;0;0;0;0
LE BER Claude;0;1;3;0;0;0;0
VANDENBROUCKE Jean-Luc;0;1;3;0;0;0;0
HERAS Roberto;0;1;3;0;0;0;0
STUYVEN Jasper;0;1;3;0;0;0;0
GEORGET Léon;0;1;2;0;0;0;0
LOOTENS Julien;0;1;2;0;0;0;0
TRUEBA Vicente;0;1;2;0;0;0;0
RUOZZI Gabriel;0;1;2;0;0;0;0
LAZARIDÈS Apo;0;1;2;0;0;0;0
PARDOËN Pierre;0;1;2;0;0;0;0
FORNARA Pasquale;0;1;2;0;0;0;0
AERENHOUTS Frans;0;1;2;0;0;0;0
EPAUD Guy;0;1;2;0;0;0;0
VAN DER VLEUTEN Jos;0;1;2;0;0;0;0
FERNÁNDEZ Alberto;0;1;2;0;0;0;0
GARDE Dominique;0;1;2;0;0;0;0
ZIMMERMANN Urs;0;1;2;0;0;0;0
FERRIGATO Andrea;0;1;2;0;0;0;0
ALDAG Rolf;0;1;2;0;0;0;0
NAZON Damien;0;1;2;0;0;0;0
MERCKX Axel;0;1;2;0;0;0;0
MARTÍNEZ Egoi;0;1;2;0;0;0;0
PELLIZOTTI Franco;0;1;2;0;0;0;0
KIRYIENKA Vasil;0;1;2;0;0;0;0
BOUHANNI Nacer;0;1;2;0;0;0;0
BRANGE Eugène;0;1;1;0;0;0;0
ALBINI Pierino;0;1;1;0;0;0;0
CRUCHON Charles;0;1;1;0;0;0;0
STEUX Alfred;0;1;1;0;0;0;0
CHASSOT René;0;1;1;0;0;0;0
HEMELSOET Jos;0;1;1;0;0;0;0
METZE Erich;0;1;1;0;0;0;0
GEYER Ludwig;0;1;1;0;0;0;0
FAYOLLE Fernand;0;1;1;0;0;0;0
GIJSSELS Romain;0;1;1;0;0;0;0
LOWIE Jules;0;1;1;0;0;0;0
TEANI Orlando;0;1;1;0;0;0;0
VAN SCHENDEL Albert;0;1;1;0;0;0;0
CARINI Bruno;0;1;1;0;0;0;0
COTTUR Giordano;0;1;1;0;0;0;0
VANOVERBERGHE Cyriel;0;1;1;0;0;0;0
PROUZET Hervé;0;1;1;0;0;0;0
CASTELIN Robert;0;1;1;0;0;0;0
BARBOTIN Pierre;0;1;1;0;0;0;0
BUCHONNET Roger;0;1;1;0;0;0;0
VAN DER STOCKT Robert;0;1;1;0;0;0;0
BARONI Mario;0;1;1;0;0;0;0
MIRANDO Joseph;0;1;1;0;0;0;0
VITETTA Vincent;0;1;1;0;0;0;0
ALOMAR Francisco;0;1;1;0;0;0;0
BOTELLA Salvador;0;1;1;0;0;0;0
VLAYEN André;0;1;1;0;0;0;0
PAMBIANCO Arnaldo;0;1;1;0;0;0;0
EVERAERT Pierre;0;1;1;0;0;0;0
LE BUHOTEL Félix;0;1;1;0;0;0;0
VIOT Bernard;0;1;1;0;0;0;0
LACH Stéphane;0;1;1;0;0;0;0
CLAES Jean-Baptiste;0;1;1;0;0;0;0
VANCLOOSTER Noël;0;1;1;0;0;0;0
SCHIAVON Silvano;0;1;1;0;0;0;0
BEUGELS Eddy;0;1;1;0;0;0;0
PETTERSSON Gösta;0;1;1;0;0;0;0
CASTELLETTI Luigi;0;1;1;0;0;0;0
MOURIOUX Jacques;0;1;1;0;0;0;0
BAL Kees;0;1;1;0;0;0;0
SCHUITEN Roy;0;1;1;0;0;0;0
BOURREAU Bernard;0;1;1;0;0;0;0
OSMONT Jacques;0;1;1;0;0;0;0
VELDSCHOLTEN Gerard;0;1;1;0;0;0;0
KIEFEL Ron;0;1;1;0;0;0;0
LECLERC Roland;0;1;1;0;0;0;0
PENSEC Ronan;0;1;1;0;0;0;0
DE LAS CUEVAS Armand;0;1;1;0;0;0;0
VANZELLA Flavio;0;1;1;0;0;0;0
LAURENT Thierry;0;1;1;0;0;0;0
LOMBARDI Giovanni;0;1;1;0;0;0;0
TONKOV Pavel;0;1;1;0;0;0;0
MADOUAS Laurent;0;1;1;0;0;0;0
GUALDI Mirko;0;1;1;0;0;0;0
HERVÉ Pascal;0;1;1;0;0;0;0
TAFI Andrea;0;1;1;0;0;0;0
SACCHI Fabio;0;1;1;0;0;0;0
JIMÉNEZ José María;0;1;1;0;0;0;0
BOTCHAROV Alexandre;0;1;1;0;0;0;0
RUMŠAS Raimondas;0;1;1;0;0;0;0
PINEAU Jérôme;0;1;1;0;0;0;0
DE GROOT Bram;0;1;1;0;0;0;0
LANDALUZE Iñigo;0;1;1;0;0;0;0
VANDE VELDE Christian;0;1;1;0;0;0;0
CUNEGO Damiano;0;1;1;0;0;0;0
ALBASINI Michael;0;1;1;0;0;0;0
ELMIGER Martin;0;1;1;0;0;0;0
LEFÈVRE Laurent;0;1;1;0;0;0;0
ROY Jérémy;0;1;1;0;0;0;0
IGNATIEV Mikhail;0;1;1;0;0;0;0
GESINK Robert;0;1;1;0;0;0;0
PERAUD Jean-Christophe;0;1;1;0;0;0;0
IZAGIRRE Gorka;0;1;1;0;0;0;0
TALANSKY Andrew;0;1;1;0;0;0;0
BOL Cees;0;1;1;0;0;0;0
BURGAUDEAU Mathieu;0;1;1;0;0;0;0
JORGENSON Matteo;0;1;1;0;0;0;0
ABRAHAMSEN Jonas;0;1;1;0;0;0;0
PAGIE Émile;0;1;0;0;0;0;0
PASQUIER Gustave;0;1;0;0;0;0;0
AUGEREAU Fernand;0;1;0;0;0;0;0
PAUTRAT Philippe;0;1;0;0;0;0;0
LIGNON Henri;0;1;0;0;0;0;0
GERBI Giovanni;0;1;0;0;0;0;0
ROSSIGNOLI Giovanni;0;1;0;0;0;0;0
EVERAERTS Pierre;0;1;0;0;0;0;0
DEMAN Paul;0;1;0;0;0;0;0
PETITJEAN Louis;0;1;0;0;0;0;0
VERDYCK August;0;1;0;0;0;0;0
MARTINET Charles;0;1;0;0;0;0;0
DÉOLET Aimé;0;1;0;0;0;0;0
CRIPPA Alfonso;0;1;0;0;0;0;0
NAERT Jean;0;1;0;0;0;0;0
CATALANI Alessandro;0;1;0;0;0;0;0
BUTTAFOCCHI Adrien;0;1;0;0;0;0;0
BARRAL Luigi;0;1;0;0;0;0;0
LEMAIRE Georges;0;1;0;0;0;0;0
MOLINAR Edoardo;0;1;0;0;0;0;0
GRANIER Honoré;0;1;0;0;0;0;0
TANNEVEAU Robert;0;1;0;0;0;0;0
HEIMANN Theo;0;1;0;0;0;0;0
GODARD Robert;0;1;0;0;0;0;0
ZIMMERMANN Robert;0;1;0;0;0;0;0
HELLEMONS Janus;0;1;0;0;0;0;0
MOLLO Enrico;0;1;0;0;0;0;0
LAMBRICHS Jan;0;1;0;0;0;0;0
FONTENAY Jean;0;1;0;0;0;0;0
BAILLEUX Roger;0;1;0;0;0;0;0
DE KORVER André;0;1;0;0;0;0;0
MAHÉ André;0;1;0;0;0;0;0
GIGUET Paul;0;1;0;0;0;0;0
CHUPIN Roger;0;1;0;0;0;0;0
CAFFI Urbain;0;1;0;0;0;0;0
MARCELAK César;0;1;0;0;0;0;0
BLANC Jean;0;1;0;0;0;0;0
PASQUINI Bruno;0;1;0;0;0;0;0
DESBATS Robert;0;1;0;0;0;0;0
ZÉLASCO Marcel;0;1;0;0;0;0;0
REDOLFI Attilio;0;1;0;0;0;0;0
BLUSSON Serge;0;1;0;0;0;0;0
VERSCHUEREN Marcel;0;1;0;0;0;0;0
MICHEL Marcel;0;1;0;0;0;0;0
TONELLO Alfred;0;1;0;0;0;0;0
VOORTING Adri;0;1;0;0;0;0;0
CROCI-TORTI Emilio;0;1;0;0;0;0;0
VAN DER PLUYM Leo;0;1;0;0;0;0;0
HOORELBEKE Raymond;0;1;0;0;0;0;0
FRIEDRICH Lothar;0;1;0;0;0;0;0
DAMEN Piet;0;1;0;0;0;0;0
DACQUAY Jean;0;1;0;0;0;0;0
CATALANO Antonio;0;1;0;0;0;0;0
ANNAERT Jean-Claude;0;1;0;0;0;0;0
VERMEULIN Michel;0;1;0;0;0;0;0
VAN DER BORGH Martin;0;1;0;0;0;0;0
BOUVET Albert;0;1;0;0;0;0;0
BUSTO Emmanuel;0;1;0;0;0;0;0
KERSTEN Jaap;0;1;0;0;0;0;0
DECABOOTER Arthur;0;1;0;0;0;0;0
ONGENAE Marcel;0;1;0;0;0;0;0
FERRARI Danilo;0;1;0;0;0;0;0
MATTIO Claude;0;1;0;0;0;0;0
FONTONA Renzo;0;1;0;0;0;0;0
DE HAAN Jo;0;1;0;0;0;0;0
BOCKLANT Willy;0;1;0;0;0;0;0
GABICA Francisco;0;1;0;0;0;0;0
BABINI Battista;0;1;0;0;0;0;0
VAN DONGEN Leo;0;1;0;0;0;0;0
DESMET Gustaaf;0;1;0;0;0;0;0
BOONS Jos;0;1;0;0;0;0;0
ARANZABAL Jesús;0;1;0;0;0;0;0
BÖLKE Winfried;0;1;0;0;0;0;0
BALMAMION Franco;0;1;0;0;0;0;0
LÓPEZ RODRÍGUEZ José Manuel;0;1;0;0;0;0;0
RABAUTE Henri;0;1;0;0;0;0;0
DEN HARTOG Arie;0;1;0;0;0;0;0
MOMEÑE José Antonio;0;1;0;0;0;0;0
DOLMAN Evert;0;1;0;0;0;0;0
STEEVENS Harry;0;1;0;0;0;0;0
TOSELLO Guerrino;0;1;0;0;0;0;0
ZUBERO Luis;0;1;0;0;0;0;0
BENFATTO Attilio;0;1;0;0;0;0;0
MORI Franco;0;1;0;0;0;0;0
PETTERSSON Tomas;0;1;0;0;0;0;0
GÓMEZ José;0;1;0;0;0;0;0
VANMARCKE Ronny;0;1;0;0;0;0;0
MORTENSEN Leif;0;1;0;0;0;0;0
DE GEEST Willy;0;1;0;0;0;0;0
OVION Régis;0;1;0;0;0;0;0
BERLAND Roland;0;1;0;0;0;0;0
POGGIALI Roberto;0;1;0;0;0;0;0
CAVALCANTI Giovanni;0;1;0;0;0;0;0
RITTER Ole;0;1;0;0;0;0;0
LODER Erich;0;1;0;0;0;0;0
SIBILLE Guy;0;1;0;0;0;0;0
DE CAUWER José;0;1;0;0;0;0;0
PRONK Bert;0;1;0;0;0;0;0
SANTONI Glauco;0;1;0;0;0;0;0
POZO Sebastian;0;1;0;0;0;0;0
BOSSIS Jacques;0;1;0;0;0;0;0
PATRITTI Alain;0;1;0;0;0;0;0
BORGUET Joseph;0;1;0;0;0;0;0
CLAES Ronny;0;1;0;0;0;0;0
VERLINDEN Gery;0;1;0;0;0;0;0
LEJARRETA Ismael;0;1;0;0;0;0;0
DIDIER Lucien;0;1;0;0;0;0;0
FERNÁNDEZ Juan;0;1;0;0;0;0;0
RODRIGUEZ Jean-François;0;1;0;0;0;0;0
VAN HOUWELINGEN Jan;0;1;0;0;0;0;0
JOURDAN Christian;0;1;0;0;0;0;0
LINARD Hubert;0;1;0;0;0;0;0
DE ROOIJ Theo;0;1;0;0;0;0;0
RAULT Jean-François;0;1;0;0;0;0;0
DEJONCKHEERE Noël;0;1;0;0;0;0;0
DIERICKX Marc;0;1;0;0;0;0;0
GREZET Jean-Marie;0;1;0;0;0;0;0
HANEGRAAF Jacques;0;1;0;0;0;0;0
PINO Álvaro;0;1;0;0;0;0;0
DERNIES Michel;0;1;0;0;0;0;0
BOEVE Henk;0;1;0;0;0;0;0
PAGNIN Roberto;0;1;0;0;0;0;0
BAGOT Jean-Claude;0;1;0;0;0;0;0
CONTINI Silvano;0;1;0;0;0;0;0
PIASECKI Lech;0;1;0;0;0;0;0
BOTTOIA Giovanni Paolo;0;1;0;0;0;0;0
WOJTINEK Bruno;0;1;0;0;0;0;0
VERMOTE Michel;0;1;0;0;0;0;0
AMADIO Roberto;0;1;0;0;0;0;0
LECLERCQ Jean-Claude;0;1;0;0;0;0;0
VISENTINI Roberto;0;1;0;0;0;0;0
CASADO Philippe;0;1;0;0;0;0;0
LILHOLT Søren;0;1;0;0;0;0;0
SCHURER Eddy;0;1;0;0;0;0;0
CARITOUX Éric;0;1;0;0;0;0;0
CORNILLET Bruno;0;1;0;0;0;0;0
AMPLER Uwe;0;1;0;0;0;0;0
CALCATERRA Giuseppe;0;1;0;0;0;0;0
BAFFI Adriano;0;1;0;0;0;0;0
EMONDS Nico;0;1;0;0;0;0;0
WEGMULLER Thomas;0;1;0;0;0;0;0
BOURGUIGNON Thierry;0;1;0;0;0;0;0
MOREELS Sammie;0;1;0;0;0;0;0
MEJIA Alvaro;0;1;0;0;0;0;0
CAMARGO Angel Yesid;0;1;0;0;0;0;0
FAGNINI Gian Matteo;0;1;0;0;0;0;0
NELISSEN Danny;0;1;0;0;0;0;0
FERNÁNDEZ GINÉS Manuel;0;1;0;0;0;0;0
HENN Christian;0;1;0;0;0;0;0
FINCO Carlo;0;1;0;0;0;0;0
CAMENZIND Oscar;0;1;0;0;0;0;0
MEIER Roland;0;1;0;0;0;0;0
DEN BAKKER Maarten;0;1;0;0;0;0;0
FARESIN Gianni;0;1;0;0;0;0;0
CONTRERAS Carlos Alberto;0;1;0;0;0;0;0
ROBIN Jean-Cyril;0;1;0;0;0;0;0
ZBERG Markus;0;1;0;0;0;0;0
VERHEYEN Geert;0;1;0;0;0;0;0
PRETOT Arnaud;0;1;0;0;0;0;0
BELLI Wladimir;0;1;0;0;0;0;0
PINOTTI Marco;0;1;0;0;0;0;0
SANDSTØD Michael;0;1;0;0;0;0;0
BOSSONI Paolo;0;1;0;0;0;0;0
DA CRUZ Carlos;0;1;0;0;0;0;0
FLORES Iker;0;1;0;0;0;0;0
WROLICH Peter;0;1;0;0;0;0;0
ZANDIO Xabier;0;1;0;0;0;0;0
GÁLVEZ Isaac;0;1;0;0;0;0;0
CARLSTRÖM Kjell;0;1;0;0;0;0;0
MORENI Cristian;0;1;0;0;0;0;0
FOTHEN Markus;0;1;0;0;0;0;0
FRISCHKORN William;0;1;0;0;0;0;0
EFIMKIN Vladimir;0;1;0;0;0;0;0
COBO Juan José;0;1;0;0;0;0;0
CHAVANEL Sébastien;0;1;0;0;0;0;0
DUQUE Leonardo Fabio;0;1;0;0;0;0;0
BARREDO Carlos;0;1;0;0;0;0;0
KERN Christophe;0;1;0;0;0;0;0
TXURRUKA Amets;0;1;0;0;0;0;0
ROCHE Nicolas;0;1;0;0;0;0;0
BOUET Maxime;0;1;0;0;0;0;0
VALLS Rafael;0;1;0;0;0;0;0
SCARPONI Michele;0;1;0;0;0;0;0
SØRENSEN Chris Anker;0;1;0;0;0;0;0
VAN GARDEREN Tejay;0;1;0;0;0;0;0
VISCONTI Giovanni;0;1;0;0;0;0;0
PAUWELS Serge;0;1;0;0;0;0;0
ULISSI Diego;0;1;0;0;0;0;0
ATAPUMA Darwin;0;1;0;0;0;0;0
ARNDT Nikias;0;1;0;0;0;0;0
BENOOT Tiesj;0;1;0;0;0;0;0
HERRADA Jesús;0;1;0;0;0;0;0
SKUJIŅŠ Toms;0;1;0;0;0;0;0
CATTANEO Mattia;0;1;0;0;0;0;0
ELISSONDE Kenny;0;1;0;0;0;0;0
ERVITI Imanol;0;1;0;0;0;0;0
MØRKØV Michael;0;1;0;0;0;0;0
VAN DER HOORN Taco;0;1;0;0;0;0;0
CASTROVIEJO Jonathan;0;1;0;0;0;0;0
SCHULTZ Nick;0;1;0;0;0;0;0
MEINTJES Louis;0;1;0;0;0;0;0
WRIGHT Fred;0;1;0;0;0;0;0
BETTIOL Alberto;0;1;0;0;0;0;0
MADOUAS Valentin;0;1;0;0;0;0;0
ZIMMERMANN Georg;0;1;0;0;0;0;0
VAN GILS Maxim;0;1;0;0;0;0;0
EENKHOORN Pascal;0;1;0;0;0;0;0
VAN DEN BROEK Frank;0;1;0;0;0;0;0
VERCHER Mattéo;0;1;0;0;0;0;0
ROJAS José Joaquín;0;0;5;0;0;0;0
GANNA Luigi;0;0;4;0;0;0;0
MARTINELLO Silvio;0;0;4;0;0;0;0
ANTENEN Georges;0;0;3;0;0;0;0
BERTOCCO Aldo;0;0;3;0;0;0;0
JUNKERMANN Hans;0;0;3;0;0;0;0
GALDÓS Francisco;0;0;3;0;0;0;0
CRIQUIELION Claude;0;0;3;0;0;0;0
VAN CALSTER Guido;0;0;3;0;0;0;0
LELLI Massimiliano;0;0;3;0;0;0;0
ZUBELDIA Haimar;0;0;3;0;0;0;0
ACKERMANN Pascal;0;0;3;0;0;0;0
BEAUGENDRE François;0;0;2;0;0;0;0
NORMAND Joseph;0;0;2;0;0;0;0
ENGLEBERT Raymond;0;0;2;0;0;0;0
PANCERA Giuseppe;0;0;2;0;0;0;0
THIERBACH Oskar;0;0;2;0;0;0;0
CAZZULANI Giovanni;0;0;2;0;0;0;0
COSSON Victor;0;0;2;0;0;0;0
BERNARDONI Oreste;0;0;2;0;0;0;0
DISSEAUX Albertin;0;0;2;0;0;0;0
VLAEMYNCK Lucien;0;0;2;0;0;0;0
ENGELS Jean;0;0;2;0;0;0;0
MATHIEU Florent;0;0;2;0;0;0;0
SEGHEZZI Vittorio;0;0;2;0;0;0;0
ASTRUA Giancarlo;0;0;2;0;0;0;0
BRUGNAMI Carlo;0;0;2;0;0;0;0
VAN SCHIL Victor;0;0;2;0;0;0;0
VERHAEGEN Auguste;0;0;2;0;0;0;0
SANTY Guy;0;0;2;0;0;0;0
MENDES Fernando dos Reis Dias;0;0;2;0;0;0;0
PÉRIN Michel;0;0;2;0;0;0;0
DUCREUX Daniel;0;0;2;0;0;0;0
OLIVA Andrés;0;0;2;0;0;0;0
BRAUN Gregor;0;0;2;0;0;0;0
ARNAUD Dominique;0;0;2;0;0;0;0
CORREDOR Edgar;0;0;2;0;0;0;0
PEIPER Allan;0;0;2;0;0;0;0
WILCHES Pablo Emilio;0;0;2;0;0;0;0
TOLHOEK Patrick;0;0;2;0;0;0;0
HOLM SØRENSEN Brian;0;0;2;0;0;0;0
UNZAGA Jon;0;0;2;0;0;0;0
COLAGÈ Stefano;0;0;2;0;0;0;0
MAZZOLENI Eddy;0;0;2;0;0;0;0
RODRIGUEZ Fred;0;0;2;0;0;0;0
GARZELLI Stefano;0;0;2;0;0;0;0
HESJEDAL Ryder;0;0;2;0;0;0;0
NAVARRO Daniel;0;0;2;0;0;0;0
MARTIN Guillaume;0;0;2;0;0;0;0
LANDA Mikel;0;0;2;0;0;0;0
VERONA Carlos;0;0;2;0;0;0;0
DE LIE Arnaud;0;0;2;0;0;0;0
MULLER Rodolfo;0;0;1;0;0;0;0
FREDERICK Michel;0;0;1;0;0;0;0
RINGEVAL Augustin;0;0;1;0;0;0;0
FLEURY Georges;0;0;1;0;0;0;0
BLAISE André;0;0;1;0;0;0;0
AZZINI Luigi;0;0;1;0;0;0;0
NEMPON Jules;0;0;1;0;0;0;0
DUPONT Albert;0;0;1;0;0;0;0
LÉONARD Edouard;0;0;1;0;0;0;0
BERTARELLI Camillo;0;0;1;0;0;0;0
SPIESSENS Alfons;0;0;1;0;0;0;0
DHERS Eugène;0;0;1;0;0;0;0
COLLÉ Henri;0;0;1;0;0;0;0
STANDAERT Alfons;0;0;1;0;0;0;0
PARMENTIER Léon;0;0;1;0;0;0;0
DEVOS Léon;0;0;1;0;0;0;0
MULLER Lode;0;0;1;0;0;0;0
ARNOULT Maurice;0;0;1;0;0;0;0
TAILLIEU Odiel;0;0;1;0;0;0;0
PIEMONTESI Domenico;0;0;1;0;0;0;0
VAN VIERST André;0;0;1;0;0;0;0
GREMO Felice;0;0;1;0;0;0;0
SIERONSKI Herbert;0;0;1;0;0;0;0
MARCHISIO Luigi;0;0;1;0;0;0;0
BUSE Hermann;0;0;1;0;0;0;0
BULA Alfred;0;0;1;0;0;0;0
PASTORELLI Pierre;0;0;1;0;0;0;0
BETTINI Decimo;0;0;1;0;0;0;0
NAISSE Georges;0;0;1;0;0;0;0
DELATHOUWER Edmond;0;0;1;0;0;0;0
RITSERVELDT Albert;0;0;1;0;0;0;0
AUREILLE Joseph;0;0;1;0;0;0;0
PIOT Kléber;0;0;1;0;0;0;0
DEPREDOMME Prosper;0;0;1;0;0;0;0
BONNAVENTURE Robert;0;0;1;0;0;0;0
BONNET Marius;0;0;1;0;0;0;0
PAWLISIAK Alexandre;0;0;1;0;0;0;0
ROLLAND Amédée;0;0;1;0;0;0;0
DE RUYTER Wim;0;0;1;0;0;0;0
NÉRI Paul;0;0;1;0;0;0;0
BARATIN Pierre;0;0;1;0;0;0;0
LE NIZERHY Roger;0;0;1;0;0;0;0
DUPONT Marcel;0;0;1;0;0;0;0
DE SANTI Guido;0;0;1;0;0;0;0
DE MUER Maurice;0;0;1;0;0;0;0
LAMBERTINI Attilio;0;0;1;0;0;0;0
BONINI Valerio;0;0;1;0;0;0;0
DE MULDER Marcel;0;0;1;0;0;0;0
COUVREUR Hilaire;0;0;1;0;0;0;0
PETERS Gerard;0;0;1;0;0;0;0
PAPAZIAN Armand;0;0;1;0;0;0;0
KEBAÏLI Ahmed;0;0;1;0;0;0;0
CARREA Andrea;0;0;1;0;0;0;0
ROKS Thijs;0;0;1;0;0;0;0
CLOSE Alex;0;0;1;0;0;0;0
DIERKENS Marcel;0;0;1;0;0;0;0
BASTIANELLI Hubert;0;0;1;0;0;0;0
LE GUILLY Jean;0;0;1;0;0;0;0
LANGARICA Dalmacio;0;0;1;0;0;0;0
MONTI Bruno;0;0;1;0;0;0;0
BOBET Jean;0;0;1;0;0;0;0
COLETTO Agostino;0;0;1;0;0;0;0
VAN DEN BREKEL Piet;0;0;1;0;0;0;0
GIUDICI Pietro;0;0;1;0;0;0;0
BARBOSA Antonio da Silva Alves;0;0;1;0;0;0;0
BERTOLO Maurice;0;0;1;0;0;0;0
TOSATO Mario;0;0;1;0;0;0;0
LAMPRE Maurice;0;0;1;0;0;0;0
ROHRBACH Marcel;0;0;1;0;0;0;0
LUYTEN Rik;0;0;1;0;0;0;0
BOLZAN Aldo;0;0;1;0;0;0;0
MENEGHINI Orphée;0;0;1;0;0;0;0
FABBRI Nello;0;0;1;0;0;0;0
DELBERGHE Edouard;0;0;1;0;0;0;0
FALASCHI Roberto;0;0;1;0;0;0;0
WASKO Joseph;0;0;1;0;0;0;0
DOOM Daniel;0;0;1;0;0;0;0
MAGNANI Franco;0;0;1;0;0;0;0
BIHOUÉE Edouard;0;0;1;0;0;0;0
RAMSBOTTOM Alan;0;0;1;0;0;0;0
LELANGUE Robert;0;0;1;0;0;0;0
TACCONE Vito;0;0;1;0;0;0;0
DENSON Vin;0;0;1;0;0;0;0
SEGU José;0;0;1;0;0;0;0
ADORNI Vittorio;0;0;1;0;0;0;0
FERRER Hubert;0;0;1;0;0;0;0
MONTY Willy;0;0;1;0;0;0;0
HAELTERMAN Julien;0;0;1;0;0;0;0
DE ROSSO Guido;0;0;1;0;0;0;0
BENET Maurice;0;0;1;0;0;0;0
MARTÍN Esteban;0;0;1;0;0;0;0
GARCÍA Ginés;0;0;1;0;0;0;0
SCHLECK Johny;0;0;1;0;0;0;0
JACQUEMIN Michel;0;0;1;0;0;0;0
BOLLEY Serge;0;0;1;0;0;0;0
PASSUELLO Adriano;0;0;1;0;0;0;0
SPUHLER Willy;0;0;1;0;0;0;0
BRAND Karl;0;0;1;0;0;0;0
HARRISON Derek;0;0;1;0;0;0;0
ZANDEGÙ Dino;0;0;1;0;0;0;0
MASCARÓ Gabriel;0;0;1;0;0;0;0
GUTTY Paul;0;0;1;0;0;0;0
HOUBRECHTS Antoon;0;0;1;0;0;0;0
NASSEN Pieter;0;0;1;0;0;0;0
JIMÉNEZ Nemesio;0;0;1;0;0;0;0
BOULOUX Robert;0;0;1;0;0;0;0
MINTJENS Frans;0;0;1;0;0;0;0
GUYOT Bernard;0;0;1;0;0;0;0
BEYSSENS Herman;0;0;1;0;0;0;0
AJA Gonzalo;0;0;1;0;0;0;0
ROUXEL Charly;0;0;1;0;0;0;0
VAN KATWIJK Piet;0;0;1;0;0;0;0
JANSSENS Ward;0;0;1;0;0;0;0
DI LORENZO Gianni;0;0;1;0;0;0;0
RICCOMI Walter;0;0;1;0;0;0;0
WESEMAEL Wilfried;0;0;1;0;0;0;0
CHASSANG Jean;0;0;1;0;0;0;0
PESCHEUX Jean-François;0;0;1;0;0;0;0
FRIOU Patrick;0;0;1;0;0;0;0
BARONCHELLI Gianbattista;0;0;1;0;0;0;0
POIRIER Christian;0;0;1;0;0;0;0
DONADELLO Aldo;0;0;1;0;0;0;0
BONNET Patrick;0;0;1;0;0;0;0
TOSO Jean-Raymond;0;0;1;0;0;0;0
GISIGER Daniel;0;0;1;0;0;0;0
VANOVERSCHELDE Didier;0;0;1;0;0;0;0
MCKENZIE Eric;0;0;1;0;0;0;0
JIMÉNEZ José Patrocinio;0;0;1;0;0;0;0
URBANY Eugène;0;0;1;0;0;0;0
LE GUILLOUX Maurice;0;0;1;0;0;0;0
HAGHEDOOREN Paul;0;0;1;0;0;0;0
VAN BRABANT Benny;0;0;1;0;0;0;0
MADIOT Yvon;0;0;1;0;0;0;0
GASTÓN Iñaki;0;0;1;0;0;0;0
DILL-BUNDI Robert;0;0;1;0;0;0;0
BIONDI Laurent;0;0;1;0;0;0;0
POELS Twan;0;0;1;0;0;0;0
VAN HOLEN Ronny;0;0;1;0;0;0;0
VERSCHUEREN Patrick;0;0;1;0;0;0;0
MULLER Jörg;0;0;1;0;0;0;0
ALLOCCHIO Stefano;0;0;1;0;0;0;0
CAPIOT Johan;0;0;1;0;0;0;0
ELLIOTT Malcolm;0;0;1;0;0;0;0
ACHERMANN Alfred;0;0;1;0;0;0;0
VAN EYNDE Wim;0;0;1;0;0;0;0
BOUVATIER Philippe;0;0;1;0;0;0;0
HEYNDERICKX Jean-Pierre;0;0;1;0;0;0;0
JURČO Milan;0;0;1;0;0;0;0
WILSON Michael;0;0;1;0;0;0;0
RAAB Uwe;0;0;1;0;0;0;0
GUSMEROLI Roberto;0;0;1;0;0;0;0
ROES Peter;0;0;1;0;0;0;0
SCHUR Jan;0;0;1;0;0;0;0
GIOVANNETTI Marco;0;0;1;0;0;0;0
FONDRIEST Maurizio;0;0;1;0;0;0;0
PEDERSEN Per;0;0;1;0;0;0;0
BOYER Éric;0;0;1;0;0;0;0
ZHDANOV Dimitri;0;0;1;0;0;0;0
PULNIKOV Vladimir;0;0;1;0;0;0;0
ZBERG Beat;0;0;1;0;0;0;0
HODGE Stephen;0;0;1;0;0;0;0
PELLICCIOLI Oscar;0;0;1;0;0;0;0
BÖLTS Udo;0;0;1;0;0;0;0
MOREAU Francis;0;0;1;0;0;0;0
BOTTARO Dario;0;0;1;0;0;0;0
LUTTENBERGER Peter;0;0;1;0;0;0;0
VAN PETEGEM Peter;0;0;1;0;0;0;0
SALIGARI Marco;0;0;1;0;0;0;0
GAUMONT Philippe;0;0;1;0;0;0;0
VOGELS Henk;0;0;1;0;0;0;0
BARTHE Stéphane;0;0;1;0;0;0;0
PICCOLI Mariano;0;0;1;0;0;0;0
VIDAL José Ángel;0;0;1;0;0;0;0
ROUX Laurent;0;0;1;0;0;0;0
HORRILLO Pedro;0;0;1;0;0;0;0
BODROGI László;0;0;1;0;0;0;0
GUIDI Fabrizio;0;0;1;0;0;0;0
NOZAL Isidro;0;0;1;0;0;0;0
KRIVTSOV Yuriy;0;0;1;0;0;0;0
GUTIÉRREZ José Iván;0;0;1;0;0;0;0
MANCEBO Francisco;0;0;1;0;0;0;0
FOFONOV Dmitriy;0;0;1;0;0;0;0
HONDO Danilo;0;0;1;0;0;0;0
FÖRSTER Robert;0;0;1;0;0;0;0
EISEL Bernhard;0;0;1;0;0;0;0
VICIOSO Ángel;0;0;1;0;0;0;0
CAUCCHIOLI Pietro;0;0;1;0;0;0;0
ISASI Iñaki;0;0;1;0;0;0;0
LANG Sebastian;0;0;1;0;0;0;0
SCHOLZ Ronny;0;0;1;0;0;0;0
NAPOLITANO Danilo;0;0;1;0;0;0;0
DE LA FUENTE David;0;0;1;0;0;0;0
FISCHER Murilo Antonio;0;0;1;0;0;0;0
KARPETS Vladimir;0;0;1;0;0;0;0
PATE Danny;0;0;1;0;0;0;0
ARROYO David;0;0;1;0;0;0;0
LEMOINE Cyril;0;0;1;0;0;0;0
FRÖHLINGER Johannes;0;0;1;0;0;0;0
HUTAROVICH Yauheni;0;0;1;0;0;0;0
ROULSTON Hayden;0;0;1;0;0;0;0
WEGMANN Fabian;0;0;1;0;0;0;0
DEVENYNS Dries;0;0;1;0;0;0;0
PÉREZ Aitor;0;0;1;0;0;0;0
GRABSCH Bert;0;0;1;0;0;0;0
VELITS Peter;0;0;1;0;0;0;0
VEELERS Tom;0;0;1;0;0;0;0
HAEDO Juan José;0;0;1;0;0;0;0
VAN POPPEL Danny;0;0;1;0;0;0;0
NIEVE Mikel;0;0;1;0;0;0;0
JEANNESSON Arnold;0;0;1;0;0;0;0
MOSER Moreno;0;0;1;0;0;0;0
KÖNIG Leopold;0;0;1;0;0;0;0
BÁRTA Jan;0;0;1;0;0;0;0
BUCHMANN Emanuel;0;0;1;0;0;0;0
ANACONA Winner;0;0;1;0;0;0;0
MCLAY Daniel;0;0;1;0;0;0;0
OLIVEIRA Nelson;0;0;1;0;0;0;0
ENGER Sondre Holst;0;0;1;0;0;0;0
KEUKELEIRE Jens;0;0;1;0;0;0;0
TAARAMÄE Rein;0;0;1;0;0;0;0
MEURISSE Xandro;0;0;1;0;0;0;0
TRATNIK Jan;0;0;1;0;0;0;0
MÜHLBERGER Gregor;0;0;1;0;0;0;0
KRUIJSWIJK Steven;0;0;1;0;0;0;0
BONIFAZIO Niccolò;0;0;1;0;0;0;0
NIZZOLO Giacomo;0;0;1;0;0;0;0
SCHACHMANN Maximilian;0;0;1;0;0;0;0
CONSONNI Simone;0;0;1;0;0;0;0
REICHENBACH Sébastien;0;0;1;0;0;0;0
SWEENY Harry;0;0;1;0;0;0;0
HIGUITA Sergio;0;0;1;0;0;0;0
PEDERSEN Casper;0;0;1;0;0;0;0
GAUDU David;0;0;1;0;0;0;0
MCNULTY Brandon;0;0;1;0;0;0;0
DAINESE Alberto;0;0;1;0;0;0;0
JOHANNESSEN Tobias Halland;0;0;1;0;0;0;0
PACHER Quentin;0;0;1;0;0;0;0
AYUSO Juan;0;0;1;0;0;0;0
GEE Derek;0;0;1;0;0;0;0
MAS Enric;0;0;1;0;0;0;0
TRUEBA Vicente ;0;0;0;0;0;1;0
VIETTO René ;0;0;0;0;0;1;0
VERVAECKE Félicien ;0;0;0;0;0;2;0
BERRENDERO Julián ;0;0;0;0;0;1;0
BRAMBILLA Pierre ;0;0;0;0;0;1;0
GÉMINIANI Raphaël ;0;0;0;0;0;1;0
SCHÄR Fritz ;0;0;0;0;1;0;0
LOROÑO Jesús ;0;0;0;0;0;1;0
OCKERS Stan ;0;0;0;0;2;0;0
FORESTIER Jean ;0;0;0;0;1;0;0
GRACZYK Jean ;0;0;0;0;2;0;0
DARRIGADE André ;0;0;0;0;2;0;0
MASSIGNAN Imerio ;0;0;0;0;0;2;0
ALTIG Rudi ;0;0;0;0;1;0;0
VAN LOOY Rik ;0;0;0;0;1;0;0
JIMÉNEZ Julio ;0;0;0;0;0;3;0
PLANCKAERT Willy ;0;0;0;0;1;0;0
BITOSSI Franco ;0;0;0;0;1;0;0
GONZÁLEZ Aurelio ;0;0;0;0;0;1;0
GODEFROOT Walter ;0;0;0;0;1;0;0
VAN SPRINGEL Herman ;0;0;0;0;1;0;0
TORRES Pedro ;0;0;0;0;0;1;0
SERCU Patrick ;0;0;0;0;1;0;0
PERURENA Domingo ;0;0;0;0;0;1;0
VAN LINDEN Rik ;0;0;0;0;1;0;0
MOSER Francesco ;0;0;0;0;0;0;1
MAERTENS Freddy ;0;0;0;0;3;0;0
BELLINI Giancarlo ;0;0;0;0;0;1;0
MARTINEZ Enrique ;0;0;0;0;0;0;1
ESCLASSAN Jacques ;0;0;0;0;1;0;0
THURAU Dietrich ;0;0;0;0;0;0;1
MARTÍNEZ Mariano ;0;0;0;0;0;1;0
LUBBERDING Henk ;0;0;0;0;0;0;1
BATTAGLIN Giovanni ;0;0;0;0;0;1;0
BERNAUDEAU Jean-René ;0;0;0;0;0;0;1
PEVENAGE Rudy ;0;0;0;0;1;0;0
MARTIN Raymond ;0;0;0;0;0;1;0
VAN DER VELDE Johan ;0;0;0;0;0;0;1
WINNEN Peter ;0;0;0;0;0;0;1
KELLY Sean ;0;0;0;0;4;0;0
VALLET Bernard ;0;0;0;0;0;1;0
ANDERSON Phil ;0;0;0;0;0;0;1
HOSTE Frank ;0;0;0;0;1;0;0
MILLAR Robert ;0;0;0;0;0;1;0
HERRERA Luis Alberto ;0;0;0;0;0;2;0
PARRA Fabio Enrique ;0;0;0;0;0;0;1
VANDERAERDEN Eric ;0;0;0;0;1;0;0
HAMPSTEN Andrew ;0;0;0;0;0;0;1
VAN POPPEL Jean-Paul ;0;0;0;0;1;0;0
ALCALÁ Raúl ;0;0;0;0;0;0;1
PLANCKAERT Eddy ;0;0;0;0;1;0;0
ROOKS Steven ;0;0;0;0;0;1;0
BREUKINK Erik ;0;0;0;0;0;0;1
THEUNISSE Gert-Jan ;0;0;0;0;0;1;0
PHILIPOT Fabrice ;0;0;0;0;0;0;1
LUDWIG Olaf ;0;0;0;0;1;0;0
CLAVEYROLAT Thierry ;0;0;0;0;0;1;0
DELION Gilles ;0;0;0;0;0;0;1
ABDUZHAPAROV Djamolidine ;0;0;0;0;3;0;0
CHIAPPUCCI Claudio ;0;0;0;0;0;2;0
MEJIA Alvaro ;0;0;0;0;0;0;1
JALABERT Laurent ;0;0;0;0;2;2;0
BOUWMANS Eddy ;0;0;0;0;0;0;1
ROMINGER Tony ;0;0;0;0;0;1;0
MARTÍN Antonio ;0;0;0;0;0;0;1
VIRENQUE Richard ;0;0;0;0;0;7;0
ZABEL Erik ;0;0;0;0;6;0;0
RINERO Christophe ;0;0;0;0;0;1;0
SALMON Benoît ;0;0;0;0;0;0;1
BOTERO Santiago ;0;0;0;0;0;1;0
MANCEBO Francisco ;0;0;0;0;0;0;1
SEVILLA Óscar ;0;0;0;0;0;0;1
MCEWEN Robbie ;0;0;0;0;3;0;0
BASSO Ivan ;0;0;0;0;0;0;1
COOKE Baden ;0;0;0;0;1;0;0
MENCHOV Denis ;0;0;0;0;0;0;1
KARPETS Vladimir ;0;0;0;0;0;0;1
HUSHOVD Thor ;0;0;0;0;2;0;0
RASMUSSEN Michael ;0;0;0;0;0;2;0
POPOVYCH Yaroslav ;0;0;0;0;0;0;1
CUNEGO Damiano ;0;0;0;0;0;0;1
BOONEN Tom ;0;0;0;0;1;0;0
SOLER Juan Mauricio ;0;0;0;0;0;1;0
FREIRE Óscar ;0;0;0;0;1;0;0
KOHL Bernhard ;0;0;0;0;0;1;0
SCHLECK Andy ;0;0;0;0;0;0;3
PELLIZOTTI Franco ;0;0;0;0;0;1;0
PETACCHI Alessandro ;0;0;0;0;1;0;0
CHARTEAU Anthony ;0;0;0;0;0;1;0
CAVENDISH Mark ;0;0;0;0;2;0;0
SÁNCHEZ Samuel ;0;0;0;0;0;1;0
ROLLAND Pierre ;0;0;0;0;0;0;1
SAGAN Peter ;0;0;0;0;7;0;0
VOECKLER Thomas ;0;0;0;0;0;1;0
VAN GARDEREN Tejay ;0;0;0;0;0;0;1
QUINTANA Nairo ;0;0;0;0;0;1;2
MAJKA Rafał ;0;0;0;0;0;2;0
PINOT Thibaut ;0;0;0;0;0;0;1
YATES Adam ;0;0;0;0;0;0;1
MATTHEWS Michael ;0;0;0;0;1;0;0
BARGUIL Warren ;0;0;0;0;0;1;0
YATES Simon ;0;0;0;0;0;0;1
ALAPHILIPPE Julian ;0;0;0;0;0;1;0
LATOUR Pierre ;0;0;0;0;0;0;1
BARDET Romain ;0;0;0;0;0;1;0
BENNETT Sam ;0;0;0;0;1;0;0
VAN AERT Wout ;0;0;0;0;1;0;0
PHILIPSEN Jasper ;0;0;0;0;1;0;0
CICCONE Giulio ;0;0;0;0;0;1;0
GIRMAY Biniam ;0;0;0;0;1;0;0
CARAPAZ Richard ;0;0;0;0;0;1;0
EVENEPOEL Remco ;0;0;0;0;0;0;1
